product_id,한글명,관심수,모델번호,발매일,발매가,색상,is_womens,oldest_trade_date,TotalCnt_235,TotalAvg_235,TotalCnt_240,TotalAvg_240,TotalCnt_245,TotalAvg_245,TotalCnt_260,TotalAvg_260,TotalCnt_265,TotalAvg_265,TotalCnt_270,TotalAvg_270,Week01_235_Avg,Week01_235_Cnt,Week01_240_Avg,Week01_240_Cnt,Week01_245_Avg,Week01_245_Cnt,Week01_260_Avg,Week01_260_Cnt,Week01_265_Avg,Week01_265_Cnt,Week01_270_Avg,Week01_270_Cnt,Week02_235_Avg,Week02_235_Cnt,Week02_240_Avg,Week02_240_Cnt,Week02_245_Avg,Week02_245_Cnt,Week02_260_Avg,Week02_260_Cnt,Week02_265_Avg,Week02_265_Cnt,Week02_270_Avg,Week02_270_Cnt,Week03_235_Avg,Week03_235_Cnt,Week03_240_Avg,Week03_240_Cnt,Week03_245_Avg,Week03_245_Cnt,Week03_260_Avg,Week03_260_Cnt,Week03_265_Avg,Week03_265_Cnt,Week03_270_Avg,Week03_270_Cnt,Week04_235_Avg,Week04_235_Cnt,Week04_240_Avg,Week04_240_Cnt,Week04_245_Avg,Week04_245_Cnt,Week04_260_Avg,Week04_260_Cnt,Week04_265_Avg,Week04_265_Cnt,Week04_270_Avg,Week04_270_Cnt,Week05_235_Avg,Week05_235_Cnt,Week05_240_Avg,Week05_240_Cnt,Week05_245_Avg,Week05_245_Cnt,Week05_260_Avg,Week05_260_Cnt,Week05_265_Avg,Week05_265_Cnt,Week05_270_Avg,Week05_270_Cnt,Week06_235_Avg,Week06_235_Cnt,Week06_240_Avg,Week06_240_Cnt,Week06_245_Avg,Week06_245_Cnt,Week06_260_Avg,Week06_260_Cnt,Week06_265_Avg,Week06_265_Cnt,Week06_270_Avg,Week06_270_Cnt,Week07_235_Avg,Week07_235_Cnt,Week07_240_Avg,Week07_240_Cnt,Week07_245_Avg,Week07_245_Cnt,Week07_260_Avg,Week07_260_Cnt,Week07_265_Avg,Week07_265_Cnt,Week07_270_Avg,Week07_270_Cnt,Week08_235_Avg,Week08_235_Cnt,Week08_240_Avg,Week08_240_Cnt,Week08_245_Avg,Week08_245_Cnt,Week08_260_Avg,Week08_260_Cnt,Week08_265_Avg,Week08_265_Cnt,Week08_270_Avg,Week08_270_Cnt,Week09_235_Avg,Week09_235_Cnt,Week09_240_Avg,Week09_240_Cnt,Week09_245_Avg,Week09_245_Cnt,Week09_260_Avg,Week09_260_Cnt,Week09_265_Avg,Week09_265_Cnt,Week09_270_Avg,Week09_270_Cnt,Week10_235_Avg,Week10_235_Cnt,Week10_240_Avg,Week10_240_Cnt,Week10_245_Avg,Week10_245_Cnt,Week10_260_Avg,Week10_260_Cnt,Week10_265_Avg,Week10_265_Cnt,Week10_270_Avg,Week10_270_Cnt,Week11_235_Avg,Week11_235_Cnt,Week11_240_Avg,Week11_240_Cnt,Week11_245_Avg,Week11_245_Cnt,Week11_260_Avg,Week11_260_Cnt,Week11_265_Avg,Week11_265_Cnt,Week11_270_Avg,Week11_270_Cnt,Week12_235_Avg,Week12_235_Cnt,Week12_240_Avg,Week12_240_Cnt,Week12_245_Avg,Week12_245_Cnt,Week12_260_Avg,Week12_260_Cnt,Week12_265_Avg,Week12_265_Cnt,Week12_270_Avg,Week12_270_Cnt,Week13_235_Avg,Week13_235_Cnt,Week13_240_Avg,Week13_240_Cnt,Week13_245_Avg,Week13_245_Cnt,Week13_260_Avg,Week13_260_Cnt,Week13_265_Avg,Week13_265_Cnt,Week13_270_Avg,Week13_270_Cnt,Week14_235_Avg,Week14_235_Cnt,Week14_240_Avg,Week14_240_Cnt,Week14_245_Avg,Week14_245_Cnt,Week14_260_Avg,Week14_260_Cnt,Week14_265_Avg,Week14_265_Cnt,Week14_270_Avg,Week14_270_Cnt,Week15_235_Avg,Week15_235_Cnt,Week15_240_Avg,Week15_240_Cnt,Week15_245_Avg,Week15_245_Cnt,Week15_260_Avg,Week15_260_Cnt,Week15_265_Avg,Week15_265_Cnt,Week15_270_Avg,Week15_270_Cnt,Week16_235_Avg,Week16_235_Cnt,Week16_240_Avg,Week16_240_Cnt,Week16_245_Avg,Week16_245_Cnt,Week16_260_Avg,Week16_260_Cnt,Week16_265_Avg,Week16_265_Cnt,Week16_270_Avg,Week16_270_Cnt,Week17_235_Avg,Week17_235_Cnt,Week17_240_Avg,Week17_240_Cnt,Week17_245_Avg,Week17_245_Cnt,Week17_260_Avg,Week17_260_Cnt,Week17_265_Avg,Week17_265_Cnt,Week17_270_Avg,Week17_270_Cnt,Week18_235_Avg,Week18_235_Cnt,Week18_240_Avg,Week18_240_Cnt,Week18_245_Avg,Week18_245_Cnt,Week18_260_Avg,Week18_260_Cnt,Week18_265_Avg,Week18_265_Cnt,Week18_270_Avg,Week18_270_Cnt,Week19_235_Avg,Week19_235_Cnt,Week19_240_Avg,Week19_240_Cnt,Week19_245_Avg,Week19_245_Cnt,Week19_260_Avg,Week19_260_Cnt,Week19_265_Avg,Week19_265_Cnt,Week19_270_Avg,Week19_270_Cnt,Week20_235_Avg,Week20_235_Cnt,Week20_240_Avg,Week20_240_Cnt,Week20_245_Avg,Week20_245_Cnt,Week20_260_Avg,Week20_260_Cnt,Week20_265_Avg,Week20_265_Cnt,Week20_270_Avg,Week20_270_Cnt,Week21_235_Avg,Week21_235_Cnt,Week21_240_Avg,Week21_240_Cnt,Week21_245_Avg,Week21_245_Cnt,Week21_260_Avg,Week21_260_Cnt,Week21_265_Avg,Week21_265_Cnt,Week21_270_Avg,Week21_270_Cnt,Week22_235_Avg,Week22_235_Cnt,Week22_240_Avg,Week22_240_Cnt,Week22_245_Avg,Week22_245_Cnt,Week22_260_Avg,Week22_260_Cnt,Week22_265_Avg,Week22_265_Cnt,Week22_270_Avg,Week22_270_Cnt,Week23_235_Avg,Week23_235_Cnt,Week23_240_Avg,Week23_240_Cnt,Week23_245_Avg,Week23_245_Cnt,Week23_260_Avg,Week23_260_Cnt,Week23_265_Avg,Week23_265_Cnt,Week23_270_Avg,Week23_270_Cnt,Week24_235_Avg,Week24_235_Cnt,Week24_240_Avg,Week24_240_Cnt,Week24_245_Avg,Week24_245_Cnt,Week24_260_Avg,Week24_260_Cnt,Week24_265_Avg,Week24_265_Cnt,Week24_270_Avg,Week24_270_Cnt,Week25_235_Avg,Week25_235_Cnt,Week25_240_Avg,Week25_240_Cnt,Week25_245_Avg,Week25_245_Cnt,Week25_260_Avg,Week25_260_Cnt,Week25_265_Avg,Week25_265_Cnt,Week25_270_Avg,Week25_270_Cnt,Week26_235_Avg,Week26_235_Cnt,Week26_240_Avg,Week26_240_Cnt,Week26_245_Avg,Week26_245_Cnt,Week26_260_Avg,Week26_260_Cnt,Week26_265_Avg,Week26_265_Cnt,Week26_270_Avg,Week26_270_Cnt
457531,뉴발란스 992 메이드 인 USA 코어 그레이 실버 메탈릭,26000,U992GY,2025-03-07,309000.0,Grey/Grey/Silver Metallic,0,2025-03-10,96.0,396229,90.0,402589,99.0,381505,275.0,402745,305.0,405616,326.0,412804,438000,3.0,420333,3.0,407000,2.0,431556,18.0,434100,30.0,424342,38.0,407857,7.0,391417,12.0,382846,13.0,404882,34.0,412474,38.0,403955,44.0,411600,20.0,402880,25.0,387720,25.0,412250,76.0,417477,86.0,417333,99.0,392095,42.0,419286,21.0,384139,36.0,404952,83.0,400427,82.0,417244,78.0,382042,24.0,393034,29.0,367652,23.0,379359,64.0,380841,69.0,400209,67.0,,,,,,,,,,,,,,,,,,,,,,,,,,,,,,,,,,,,,,,,,,,,,,,,,,,,,,,,,,,,,,,,,,,,,,,,,,,,,,,,,,,,,,,,,,,,,,,,,,,,,,,,,,,,,,,,,,,,,,,,,,,,,,,,,,,,,,,,,,,,,,,,,,,,,,,,,,,,,,,,,,,,,,,,,,,,,,,,,,,,,,,,,,,,,,,,,,,,,,,,,,,,,,,,,,,,,,,,,,,,,,,,,,,,,,,,,,,,,,,,,,,,,,,,,,,,
317696,뉴발란스 1906A 실버 메탈릭 캐슬락,7795,M1906AD,2024-07-24,239000.0,Silver Metallic/Castlerock/Gold Metallic,0,2024-07-27,37.0,258216,45.0,237022,39.0,227769,113.0,219991,132.0,222818,150.0,217813,,,,,270000,1.0,,,,,,,,,,,,,,,,,350000,1.0,,,,,,,,,313000,1.0,,,,,,,,,275000,2.0,301000,2.0,,,275000,1.0,,,,,283000,2.0,301500,2.0,295000,1.0,307500,2.0,,,,,284000,3.0,251667,3.0,277000,4.0,317000,1.0,284000,1.0,266400,5.0,278333,3.0,277000,5.0,269286,7.0,270000,1.0,267000,2.0,258000,2.0,259000,4.0,254000,2.0,257000,8.0,269000,1.0,,,266000,3.0,238000,5.0,245333,6.0,244400,10.0,266000,1.0,258000,1.0,269000,1.0,228750,4.0,240000,2.0,225800,5.0,257667,3.0,236667,3.0,257500,2.0,223800,10.0,229900,10.0,228833,6.0,270000,1.0,270500,4.0,255000,1.0,246429,7.0,249800,5.0,217429,7.0,270000,2.0,246000,3.0,,,,,248000,4.0,230750,4.0,247000,1.0,236500,6.0,238500,2.0,213000,3.0,227000,4.0,213000,8.0,242500,2.0,224000,3.0,221500,2.0,196000,2.0,208000,6.0,204200,5.0,235250,4.0,225000,1.0,214000,1.0,223700,10.0,235000,8.0,219400,10.0,218000,3.0,264500,2.0,183000,9.0,236429,7.0,243833,6.0,240333,3.0,236000,1.0,250500,2.0,179000,2.0,218000,6.0,234000,7.0,234600,5.0,275000,4.0,189750,4.0,234000,1.0,204200,5.0,202375,8.0,217714,7.0,,,160333,3.0,216000,1.0,182556,9.0,174250,12.0,187167,6.0,,,201000,4.0,213000,1.0,184875,8.0,170571,14.0,173167,12.0,257000,2.0,297000,1.0,213000,1.0,185667,3.0,193750,4.0,176000,5.0,234000,3.0,240000,1.0,,,182733,15.0,196429,7.0,168867,15.0,217000,1.0,279000,1.0,209000,2.0,238500,2.0,229143,7.0,207077,13.0,282500,2.0,278500,2.0,232000,1.0,262000,1.0,248500,4.0,227750,4.0,298000,1.0,297000,1.0,263000,1.0,270500,2.0,257000,3.0,258250,4.0
25785,뉴발란스 2002R 그레이,105000,ML2002RC,2020-09-25,179000.0,Grey,0,2020-09-25,32.0,165625,41.0,164220,27.0,163407,114.0,171053,131.0,169634,157.0,171522,154400,5.0,173714,7.0,157000,2.0,160429,21.0,161069,29.0,161962,26.0,149000,1.0,152333,3.0,147000,2.0,165667,9.0,170643,14.0,178700,10.0,149500,2.0,149000,2.0,,,184000,1.0,179000,2.0,191250,4.0,159000,1.0,148667,3.0,158000,1.0,180000,1.0,175000,5.0,187667,6.0,169000,2.0,154500,2.0,159000,2.0,199667,3.0,180500,4.0,179600,5.0,145000,1.0,179000,1.0,160000,1.0,179000,3.0,166250,4.0,171000,5.0,169000,1.0,159250,4.0,169000,2.0,151154,13.0,156250,16.0,154273,22.0,151500,2.0,170000,1.0,158333,3.0,158286,7.0,160700,10.0,158400,15.0,170000,1.0,155000,1.0,,,168000,7.0,170000,8.0,163100,10.0,174000,4.0,164500,2.0,178000,1.0,183222,9.0,181571,7.0,174667,3.0,,,200000,1.0,190000,1.0,188500,2.0,193000,4.0,187667,3.0,185000,1.0,179000,2.0,169000,1.0,192429,7.0,193500,2.0,210000,4.0,178833,6.0,167600,5.0,168667,6.0,172188,16.0,169917,12.0,171750,20.0,167667,3.0,161750,4.0,159500,2.0,174400,5.0,179222,9.0,185100,10.0,169500,2.0,164667,3.0,162333,3.0,191000,7.0,193500,4.0,191364,11.0,,,,,,,184667,3.0,219000,1.0,189333,3.0,,,,,,,,,,,,,,,,,,,,,,,,,,,,,,,,,,,,,,,,,,,,,,,,,,,,,,,,,,,,,,,,,,,,,,,,,,,,,,,,,,,,,,,,,,,,,,,,,,,,,,,,,,,,,,,,,,,,,,,,
44101,뉴발란스 410v5 블랙 - 2E 와이드,40000,MT410CK5,,109000.0,Black,0,2021-11-28,,,8.0,87625,3.0,89000,5.0,84200,7.0,85714,11.0,84818,,,99000,1.0,,,,,,,,,,,,,,,,,,,,,,,99000,1.0,,,,,,,,,,,,,,,,,,,,,,,,,,,,,,,,,,,88000,1.0,,,89000,1.0,,,89000,1.0,,,,,,,,,89000,1.0,88000,1.0,,,,,,,,,,,87000,1.0,,,,,,,,,89000,1.0,,,,,,,,,86500,2.0,,,,,,,87000,1.0,,,,,89000,1.0,,,,,,,,,,,,,88000,1.0,,,,,89000,1.0,,,,,,,,,,,89000,1.0,,,,,,,,,81500,2.0,,,,,,,,,,,,,,,,,77500,2.0,89000,1.0,,,,,,,,,89000,1.0,,,,,,,,,80000,1.0,,,,,,,,,,,,,,,89000,1.0,,,,,,,,,89000,1.0,88500,2.0,,,,,,,,,,,,,,,83000,1.0,,,,,,,71500,2.0,,,,,,,79000,1.0,,,,,,,,,89000,1.0,,,,,83000,1.0,,,,,,,,,,,,,,,82000,1.0,,,,,,,,
538811,뉴발란스 204L 스웨이드 머쉬룸 애리드 스톤,45000,U204LMMA,2025-07-03,159000.0,Mushroom/Arid Stone,0,2025-07-03,363.0,215298,376.0,224859,246.0,230703,166.0,204392,165.0,205879,148.0,212615,236955,22.0,235474,19.0,246333,9.0,233875,8.0,237933,15.0,220833,12.0,205417,24.0,216833,30.0,218588,17.0,235889,9.0,215429,7.0,219667,9.0,193933,15.0,197130,23.0,196818,11.0,188500,6.0,179667,3.0,189000,6.0,173222,18.0,186040,25.0,199545,11.0,181182,11.0,180000,16.0,184818,11.0,176452,31.0,202452,31.0,192810,21.0,186895,19.0,175533,15.0,184750,12.0,209160,50.0,230500,26.0,225261,23.0,200444,18.0,202400,20.0,227900,10.0,240955,44.0,244810,42.0,263750,28.0,208577,26.0,216458,24.0,226722,18.0,227082,61.0,228203,79.0,241745,47.0,206840,25.0,213304,23.0,218115,26.0,221274,62.0,242070,57.0,238318,44.0,205222,27.0,202917,24.0,216481,27.0,218944,36.0,227409,44.0,228486,35.0,206882,17.0,212333,18.0,210588,17.0,,,,,,,,,,,,,,,,,,,,,,,,,,,,,,,,,,,,,,,,,,,,,,,,,,,,,,,,,,,,,,,,,,,,,,,,,,,,,,,,,,,,,,,,,,,,,,,,,,,,,,,,,,,,,,,,,,,,,,,,,,,,,,,,,,,,,,,,,,,,,,,,,,,,,,,,,,,,,,,,,,,,,,,,,,,,,,,,,,,,,,,,,,,,,,,,
418841,뉴발란스 740v2 블랙 실버 메탈릭,36000,U740BM2,2025-01-09,139000.0,Black/Silver Metallic,0,2025-01-09,315.0,170295,328.0,165720,238.0,155744,178.0,147888,181.0,149022,179.0,146860,183500,4.0,183444,9.0,168714,7.0,174667,3.0,181600,5.0,172000,4.0,191167,6.0,187875,8.0,163500,6.0,152167,6.0,152600,5.0,154667,3.0,139967,30.0,132952,21.0,129000,14.0,129000,8.0,131667,3.0,129571,7.0,156848,33.0,149600,30.0,145278,18.0,144526,19.0,137625,16.0,144846,13.0,168067,30.0,157219,32.0,152680,25.0,151900,20.0,154312,16.0,149867,15.0,166897,39.0,159886,44.0,147881,42.0,149750,20.0,141667,18.0,146583,24.0,187409,44.0,180500,32.0,177154,26.0,157900,20.0,159111,27.0,154958,24.0,176054,37.0,171133,45.0,162679,28.0,149048,21.0,146158,19.0,144450,20.0,184452,31.0,172976,41.0,164167,24.0,143929,28.0,143156,32.0,143969,32.0,179088,34.0,178023,44.0,160156,32.0,145750,20.0,155259,27.0,147519,27.0,158111,27.0,157000,22.0,139375,16.0,141769,13.0,141538,13.0,138200,10.0,,,,,,,,,,,,,,,,,,,,,,,,,,,,,,,,,,,,,,,,,,,,,,,,,,,,,,,,,,,,,,,,,,,,,,,,,,,,,,,,,,,,,,,,,,,,,,,,,,,,,,,,,,,,,,,,,,,,,,,,,,,,,,,,,,,,,,,,,,,,,,,,,,,,,,,,,,,,,,,,,,,,,,,,,,,,,,,,,,,,
28260,뉴발란스 530 스틸 그레이,121000,MR530KA,2021-01-08,129000.0,Steel Grey,0,2021-01-06,268.0,118922,238.0,117508,153.0,113745,247.0,108239,225.0,114431,270.0,114093,98750,12.0,95667,9.0,93750,8.0,92800,5.0,94000,5.0,93556,9.0,90750,8.0,93167,6.0,93800,5.0,90385,13.0,93875,8.0,90583,12.0,95083,12.0,100000,10.0,95600,5.0,91111,9.0,93636,11.0,93091,11.0,103091,11.0,101444,9.0,95000,4.0,94500,8.0,100000,6.0,97875,8.0,102000,16.0,102636,11.0,101000,8.0,93929,14.0,94167,18.0,95667,12.0,130400,10.0,133100,10.0,110900,10.0,96900,20.0,97133,15.0,105333,24.0,148867,15.0,133600,15.0,113556,9.0,97136,22.0,108444,18.0,116833,18.0,110688,48.0,108909,33.0,106182,22.0,101261,23.0,106885,26.0,107762,42.0,107057,35.0,101133,30.0,105579,19.0,102174,23.0,102667,27.0,102727,33.0,115045,22.0,109367,30.0,110917,12.0,105083,36.0,109192,26.0,105968,31.0,131538,26.0,129611,18.0,141556,9.0,120105,19.0,142737,19.0,144429,14.0,137450,20.0,140091,22.0,133500,10.0,142550,20.0,151417,12.0,145000,20.0,150833,18.0,144556,18.0,130222,18.0,127500,22.0,153625,16.0,148667,21.0,136067,15.0,132000,17.0,125786,14.0,133077,13.0,134167,18.0,136333,15.0,,,,,,,,,,,,,,,,,,,,,,,,,,,,,,,,,,,,,,,,,,,,,,,,,,,,,,,,,,,,,,,,,,,,,,,,,,,,,,,,,,,,,,,,,,,,,,,,,,,,,,,,,,,,,,,,,,,,,,,,,,,,,,,,,,,,,,,,,,,,,,,,
343933,뉴발란스 1906A 콘크리트 실버 메탈릭,1594,M1906AG,2024-09-18,208355900.0,Concrete/Silver Metallic,0,2024-11-09,11.0,278182,12.0,228333,7.0,223857,16.0,239812,10.0,233200,28.0,230000,,,,,,,,,,,344000,1.0,,,,,240000,1.0,284500,2.0,,,256333,3.0,,,,,,,255000,3.0,245000,1.0,238000,1.0,,,,,,,,,,,239000,1.0,,,,,,,,,,,,,299000,1.0,245000,1.0,,,,,,,247000,2.0,,,,,,,249000,1.0,,,220000,1.0,,,,,,,,,,,,,,,,,,,201000,1.0,,,,,,,244000,1.0,,,,,,,201000,1.0,,,220000,1.0,,,,,,,,,,,209000,2.0,,,,,,,197000,2.0,219000,1.0,,,219000,2.0,,,,,199000,1.0,,,213000,2.0,218000,1.0,195000,1.0,,,210000,1.0,219000,1.0,,,,,206000,2.0,,,,,,,,,210000,1.0,,,,,,,,,211000,2.0,,,218667,3.0,212000,1.0,213250,4.0,289000,1.0,218000,1.0,210000,1.0,,,211000,1.0,217000,1.0,288000,1.0,,,,,,,,,259000,1.0,299000,1.0,248000,1.0,,,,,230000,2.0,216000,2.0,,,,,,,,,224500,2.0,215500,2.0,,,299000,1.0,,,257000,1.0,,,215000,1.0,329000,1.0,,,,,275000,1.0,239000,1.0,,,299000,1.0,,,251000,1.0,,,240000,1.0,218000,2.0,289500,2.0,,,,,,,,,289000,1.0,240000,1.0,,,,,258000,1.0,276000,1.0,,
466255,뉴발란스 509 블랙 그레이,29000,U509BG,2025-03-14,139000.0,Black/Gray,0,2025-03-14,309.0,188087,358.0,181765,237.0,172992,315.0,190343,357.0,189518,395.0,188496,156062,16.0,151933,15.0,146364,11.0,148700,10.0,149154,13.0,146867,15.0,188545,11.0,176333,9.0,160250,8.0,150917,12.0,157000,13.0,153467,15.0,195125,8.0,183900,10.0,165286,7.0,165500,12.0,165100,10.0,162400,10.0,184538,13.0,179333,15.0,163900,10.0,165417,12.0,159538,13.0,158733,15.0,193800,10.0,180000,20.0,165067,15.0,170750,20.0,158529,17.0,160476,21.0,223286,7.0,205077,13.0,179333,3.0,167333,6.0,165308,13.0,164278,18.0,190111,9.0,197917,12.0,182333,9.0,168889,9.0,170000,4.0,170632,19.0,187200,10.0,200000,10.0,177500,4.0,188000,7.0,215250,4.0,209222,9.0,216667,12.0,200857,21.0,182588,17.0,218667,6.0,215900,10.0,213733,15.0,214600,15.0,207182,11.0,199250,8.0,208333,9.0,225000,7.0,214273,11.0,206167,12.0,200000,9.0,185111,9.0,203100,10.0,193667,12.0,208824,17.0,190250,12.0,187100,20.0,197111,9.0,207571,14.0,188778,18.0,198632,19.0,192062,16.0,183308,13.0,193545,11.0,190900,10.0,193737,19.0,184000,16.0,192200,10.0,190750,16.0,188389,18.0,192333,15.0,200429,21.0,213526,19.0,197600,15.0,194300,10.0,177800,10.0,205250,24.0,205467,15.0,202583,12.0,214167,12.0,204500,14.0,170750,12.0,212929,14.0,206333,6.0,217545,11.0,191615,13.0,194818,11.0,176875,8.0,204917,12.0,209800,15.0,210929,14.0,181947,19.0,180700,20.0,183143,7.0,210909,11.0,230923,13.0,222929,14.0,176727,11.0,173944,18.0,185000,1.0,223556,9.0,225214,14.0,229000,15.0,186588,17.0,180846,13.0,182333,9.0,211125,16.0,224667,9.0,233100,10.0,182583,12.0,177538,13.0,175300,10.0,226615,13.0,231889,18.0,236250,8.0,160815,27.0,155931,29.0,151105,19.0,175667,30.0,175233,43.0,174875,48.0,172867,15.0,162231,26.0,154562,16.0,186923,26.0,182526,38.0,176656,32.0,172714,7.0,146900,10.0,140167,6.0,170500,8.0,161083,12.0,167083,12.0,,,,,,,,,,,,,,,,,,,,,,,,
226053,뉴발란스 1906R 하버 그레이 실버 메탈릭,40000,M1906REH,2024-01-12,179000.0,Harbor Grey/Silver Metalic,0,2024-01-10,373.0,252633,377.0,249952,329.0,235726,175.0,201457,173.0,201578,170.0,196453,,,166000,1.0,,,180000,1.0,169000,1.0,,,166000,1.0,,,,,,,,,,,,,166000,3.0,,,160000,1.0,168000,1.0,155500,2.0,166000,1.0,166000,3.0,166500,2.0,166000,1.0,168000,3.0,166000,1.0,161333,9.0,164444,9.0,163500,6.0,163000,3.0,165600,5.0,161750,4.0,176333,15.0,176217,23.0,166778,9.0,168333,3.0,173750,4.0,163333,3.0,184583,12.0,181188,16.0,176385,13.0,163667,6.0,175500,4.0,163500,6.0,198304,23.0,189389,18.0,184714,14.0,176556,9.0,177400,5.0,161000,9.0,222083,12.0,218882,17.0,192214,14.0,177500,6.0,176667,9.0,169000,3.0,274643,14.0,265556,18.0,219875,24.0,178846,13.0,179636,11.0,174167,6.0,262778,27.0,262412,17.0,254391,23.0,193077,13.0,186286,7.0,180056,18.0,270439,41.0,267417,36.0,261484,31.0,203056,18.0,198222,9.0,191111,9.0,260667,51.0,261767,43.0,241073,41.0,219625,16.0,215556,18.0,206167,12.0,259878,41.0,267500,34.0,246455,44.0,229615,13.0,238273,11.0,216050,20.0,276000,34.0,282529,34.0,254828,29.0,227167,18.0,222368,19.0,217923,13.0,283795,39.0,288216,37.0,246393,28.0,205731,26.0,214720,25.0,217727,22.0,272267,30.0,274756,41.0,259091,33.0,202409,22.0,198742,31.0,201333,33.0,250652,23.0,250148,27.0,242667,18.0,206500,6.0,201100,10.0,197556,9.0,,,,,,,,,,,,,,,,,,,,,,,,,,,,,,,,,,,,,,,,,,,,,,,,,,,,,,,,,,,,,,,,,,,,,,,,,,,,,,,,,,,,,,,,,,,,,,,,
615791,뉴발란스 1906R 블랙 다크 실버 메탈릭,4312,U1906RNB,2025-09-26,219000.0,Black/Dark Silver Metalic/Black Cement,0,2025-11-03,18.0,180833,42.0,181143,29.0,162897,97.0,162598,98.0,167133,88.0,172920,238000,1.0,,,,,,,234000,1.0,238000,2.0,,,194000,2.0,,,,,,,170000,1.0,,,,,,,163667,3.0,196000,1.0,176000,3.0,,,166000,1.0,,,,,,,171000,3.0,,,204500,2.0,225000,1.0,186000,2.0,168000,2.0,178667,3.0,,,189000,1.0,139000,1.0,163857,7.0,144667,6.0,150917,12.0,168000,1.0,150500,2.0,,,167750,4.0,164000,4.0,170800,10.0,174500,4.0,181000,2.0,,,156818,11.0,154667,9.0,171714,7.0,189000,1.0,181500,4.0,,,172000,3.0,159778,9.0,168625,8.0,188000,1.0,194750,4.0,163571,7.0,158583,12.0,154714,14.0,172182,11.0,204000,1.0,185250,4.0,168000,1.0,160333,3.0,166800,10.0,160000,4.0,,,189500,2.0,163800,5.0,165385,13.0,181500,10.0,177500,6.0,174500,4.0,207750,4.0,157250,4.0,174000,9.0,180286,7.0,199667,3.0,160000,1.0,167000,4.0,161000,3.0,161250,12.0,178083,12.0,193000,4.0,178000,4.0,166900,10.0,159429,7.0,156250,16.0,169917,12.0,177636,11.0,,,,,,,157500,2.0,172000,1.0,,,,,,,,,,,,,,,,,,,,,,,,,,,,,,,,,,,,,,,,,,,,,,,,,,,,,,,,,,,,,,,,,,,,,,,,,,,,,,,,,,,,,,,,,,,,,,,,,,,,,,,,,,,,,,,,,,,,,,,,,,
464209,뉴발란스 992 메이드 인 USA 코어 블랙 그레이,9600,U992BK,2025-03-07,309000.0,Black/Grey/Silver Metallic,0,2025-03-11,81.0,335444,98.0,334418,102.0,322363,277.0,377101,430.0,369202,540.0,354902,350000,1.0,,,339000,1.0,438750,4.0,465667,9.0,438182,11.0,385000,2.0,381500,6.0,352000,3.0,415727,11.0,430545,11.0,415783,23.0,410500,6.0,387700,10.0,371167,12.0,431000,13.0,439692,26.0,409390,41.0,426000,1.0,409667,3.0,391600,5.0,459286,14.0,443360,25.0,414622,37.0,418250,4.0,411400,5.0,378500,8.0,436619,21.0,424484,31.0,400086,35.0,400000,4.0,397000,6.0,354200,5.0,422400,10.0,401621,29.0,382448,29.0,377833,6.0,381400,5.0,350600,5.0,414375,16.0,390826,23.0,375357,28.0,374000,2.0,365000,1.0,350750,4.0,407800,10.0,382611,18.0,365833,24.0,347200,5.0,342500,6.0,328200,5.0,411636,11.0,372500,20.0,357895,19.0,367667,3.0,335500,2.0,327667,6.0,377636,11.0,369154,13.0,347478,23.0,356500,6.0,326333,3.0,300000,1.0,362947,19.0,366619,21.0,338053,19.0,314000,3.0,304333,6.0,310000,3.0,356667,12.0,360818,11.0,334455,22.0,313500,2.0,311333,3.0,308400,5.0,351615,13.0,358083,12.0,342571,14.0,328333,3.0,295200,5.0,319500,2.0,350533,15.0,343000,12.0,337562,16.0,323500,2.0,300500,4.0,285000,4.0,336571,7.0,341643,14.0,346778,9.0,315000,1.0,306000,2.0,273600,5.0,327909,11.0,344700,10.0,340250,8.0,285400,5.0,288500,2.0,275500,4.0,330200,10.0,327615,13.0,329846,13.0,281000,3.0,287250,4.0,274000,1.0,324625,8.0,324933,15.0,324267,15.0,266750,4.0,278000,3.0,258000,1.0,321200,5.0,312680,25.0,308240,25.0,276500,2.0,284000,4.0,264800,5.0,332857,7.0,324722,18.0,306000,16.0,271333,3.0,285250,4.0,259000,2.0,328000,9.0,310500,14.0,300800,20.0,274750,4.0,292200,5.0,269667,3.0,331462,13.0,309933,15.0,300526,19.0,278600,5.0,291500,2.0,267000,3.0,322556,9.0,320100,10.0,301222,18.0,298000,1.0,292000,1.0,275333,6.0,339500,4.0,317400,10.0,305500,14.0,319000,1.0,285000,4.0,287000,1.0,351333,6.0,314375,16.0,308913,23.0,283500,2.0,299500,2.0,284000,2.0,360000,8.0,319556,9.0,308263,19.0
135624,뉴발란스 530 그레이,33000,MR530CK,2023-08-18,139000.0,Grey,0,2023-06-18,223.0,139076,256.0,137453,162.0,133759,288.0,145934,334.0,144919,345.0,146357,,,,,,,160000,1.0,174000,2.0,,,134000,1.0,135000,1.0,,,,,,,,,,,,,149000,1.0,,,141500,2.0,127000,1.0,127000,1.0,127000,2.0,127000,1.0,127000,2.0,127000,1.0,127000,1.0,127000,2.0,124667,3.0,126000,1.0,127000,2.0,127000,1.0,127000,2.0,123000,1.0,,,124000,1.0,125500,2.0,125000,1.0,126000,2.0,,,,,,,129000,2.0,129333,3.0,129500,2.0,129000,1.0,128000,1.0,128000,1.0,129000,1.0,132000,1.0,131500,4.0,126000,1.0,127750,4.0,126667,3.0,128833,6.0,130400,5.0,129286,7.0,120250,8.0,117200,5.0,119000,7.0,130417,12.0,130125,8.0,130000,7.0,129846,13.0,127667,15.0,129444,9.0,139278,18.0,134455,22.0,139458,24.0,133773,22.0,133000,19.0,135769,13.0,146864,22.0,142857,21.0,144522,23.0,137429,21.0,133429,21.0,131200,10.0,146900,20.0,146115,26.0,138682,22.0,139500,10.0,138360,25.0,128875,16.0,143500,18.0,143619,21.0,155389,18.0,137769,13.0,138857,14.0,134000,6.0,139067,15.0,135632,19.0,148389,18.0,138353,17.0,137111,18.0,132167,12.0,142708,24.0,139913,23.0,141192,26.0,145167,12.0,143562,16.0,138538,13.0,158833,18.0,161200,20.0,159381,21.0,160000,11.0,147267,15.0,144300,10.0,169562,16.0,161067,15.0,163737,19.0,172750,12.0,162400,10.0,147286,7.0,169250,12.0,161833,24.0,164789,19.0,154000,16.0,149474,19.0,148167,6.0,161118,17.0,156917,24.0,156720,25.0,145500,14.0,139294,17.0,140375,8.0,148235,17.0,146667,24.0,149789,19.0,138625,8.0,135333,18.0,134500,8.0,139450,20.0,141211,19.0,147842,19.0,129833,12.0,132214,14.0,131667,12.0,134588,17.0,137474,19.0,140917,24.0,123688,16.0,131500,8.0,129800,10.0,142400,15.0,136263,19.0,138000,20.0,125636,11.0,128800,10.0,123857,7.0,140100,10.0,137417,12.0,135389,18.0,,,120000,1.0,,,139000,1.0,134500,2.0,132750,4.0
23852,뉴발란스 993 메이드 인 USA 그레이 - D 스탠다드,58000,MR993GL,2018-08-21,279000.0,GREY/WHITE,0,2020-04-23,,,,,,,96.0,260458,153.0,245307,143.0,259531,,,,,,,,,,,266333,3.0,,,,,,,,,,,300000,1.0,,,,,,,,,,,,,,,,,,,,,,,,,,,,,,,300000,1.0,,,271000,1.0,,,,,,,,,290000,1.0,,,,,,,,,,,,,,,,,,,,,,,300000,2.0,300000,1.0,,,,,,,,,,,,,,,,,,,,,,,,,,,,,,,,,,,270000,1.0,,,,,,,,,,,,,,,,,,,,,,,,,,,,,,,,,349000,1.0,270000,1.0,,,,,,,,,,,350000,1.0,,,,,,,,,,,300000,1.0,,,,,,,,,,,350000,1.0,,,,,,,,,,,348750,4.0,,,,,,,265286,7.0,,,297625,8.0,,,,,,,252500,14.0,292500,4.0,264556,9.0,,,,,,,256000,14.0,231119,42.0,239161,31.0,,,,,,,258944,18.0,236636,33.0,241920,25.0,,,,,,,253250,12.0,245400,15.0,252125,16.0,,,,,,,262375,8.0,252636,22.0,272267,15.0,,,,,,,276308,13.0,257261,23.0,261882,17.0,,,,,,,259667,9.0,245100,10.0,244857,7.0
435203,뉴발란스 1906L 블랙 블랙 시멘트,8504,U1906LNT,2025-02-05,239000.0,Black/Black Cement,0,2025-02-08,24.0,238208,27.0,262741,29.0,275966,83.0,271108,103.0,277942,103.0,283670,250000,1.0,,,,,325000,2.0,357000,1.0,278600,5.0,,,,,,,305000,1.0,320833,6.0,317200,5.0,262500,2.0,278333,3.0,296750,4.0,306000,5.0,307400,5.0,330000,8.0,264000,1.0,295400,5.0,295500,4.0,276667,3.0,309909,11.0,315600,10.0,264500,2.0,261333,6.0,349000,1.0,271125,16.0,291000,10.0,295800,10.0,259000,1.0,256000,1.0,,,272583,12.0,272750,4.0,275727,11.0,,,257000,1.0,299000,1.0,272400,5.0,268500,4.0,269800,5.0,233000,1.0,,,287200,5.0,271500,4.0,272571,7.0,271250,4.0,238500,2.0,259500,2.0,299000,2.0,271000,3.0,278333,3.0,279250,8.0,256000,1.0,280000,1.0,,,267000,5.0,274667,3.0,286200,5.0,239000,1.0,285000,1.0,,,282000,2.0,282000,5.0,289000,1.0,235000,1.0,,,299000,1.0,290000,1.0,,,291500,2.0,246000,2.0,250000,1.0,250000,1.0,277000,2.0,266500,6.0,273800,5.0,251000,3.0,270000,1.0,261250,4.0,277500,2.0,265667,6.0,278000,3.0,,,,,230000,1.0,265667,3.0,265750,4.0,286667,3.0,190000,1.0,,,,,246500,2.0,262667,6.0,268500,4.0,,,200000,1.0,,,247500,2.0,250000,4.0,250000,1.0,190000,1.0,199500,2.0,,,245000,2.0,243000,1.0,,,,,,,230000,1.0,256500,2.0,255600,5.0,,,223000,1.0,234000,1.0,,,271000,3.0,289000,1.0,,,,,264000,1.0,,,235000,1.0,,,265000,1.0,,,,,,,,,257000,3.0,246333,3.0,206500,2.0,,,,,251000,1.0,239600,5.0,244250,4.0,189000,1.0,,,,,238500,2.0,,,,,,,,,223500,2.0,,,211000,1.0,225250,4.0,,,,,225500,2.0,227500,2.0,263000,2.0,212000,1.0
23928,뉴발란스 530 화이트,91000,MR530SG,2019-12-02,119000.0,White/Silver/Blue,0,2020-04-20,134.0,104269,90.0,107578,55.0,100891,59.0,103576,54.0,103000,67.0,99000,,,127500,2.0,,,111667,3.0,,,,,,,,,,,,,,,118000,1.0,,,151000,1.0,,,,,,,,,,,,,,,117000,2.0,115000,1.0,,,130000,1.0,160000,2.0,100000,2.0,109000,3.0,105000,1.0,105600,5.0,142000,2.0,134333,3.0,100000,4.0,109000,1.0,107667,3.0,102333,3.0,132000,12.0,121333,9.0,120333,3.0,110500,2.0,110250,4.0,109000,3.0,118500,4.0,130833,6.0,124333,3.0,112333,3.0,99000,1.0,99750,4.0,103167,6.0,126000,2.0,105000,1.0,104600,5.0,102500,2.0,97600,5.0,110500,2.0,106000,4.0,112500,2.0,108000,3.0,106800,5.0,102000,2.0,99889,18.0,107333,3.0,104000,3.0,108250,4.0,122000,2.0,115000,1.0,109333,6.0,99500,6.0,95500,2.0,110000,1.0,122000,2.0,110000,6.0,115750,4.0,109714,7.0,99500,2.0,108833,6.0,103333,3.0,108500,2.0,102818,11.0,106333,3.0,,,99667,3.0,98000,4.0,96200,5.0,100000,6.0,96167,6.0,95000,1.0,101500,4.0,101500,2.0,100000,1.0,95250,4.0,98000,2.0,96000,1.0,85000,1.0,105000,1.0,82000,3.0,98571,7.0,101167,6.0,101000,3.0,92000,2.0,105000,1.0,106000,1.0,100857,14.0,96750,4.0,98250,8.0,99000,1.0,109000,1.0,98667,6.0,98933,15.0,98875,8.0,97444,9.0,101250,4.0,97800,5.0,96000,2.0,100250,4.0,96500,4.0,96333,3.0,95667,3.0,97250,4.0,94500,4.0,94000,7.0,,,93600,5.0,,,98000,2.0,,,90000,3.0,87750,4.0,83000,1.0,96000,2.0,97667,3.0,90000,3.0,97000,1.0,88000,4.0,89000,1.0,89000,3.0,95000,2.0,87500,2.0,88500,4.0,,,97000,1.0,94500,2.0,98500,2.0,89500,2.0,90000,2.0,85000,1.0,,,,,92500,2.0,90667,3.0,85000,1.0,87333,3.0,,,92000,1.0,89000,1.0,93000,3.0
102871,뉴발란스 2002R 프리미엄 빈티지 그레이,29000,M2002RNM,2023-02-27,189000.0,Grey,0,2023-02-25,91.0,183440,123.0,184715,95.0,186337,242.0,199818,324.0,196049,387.0,191951,159000,1.0,173000,6.0,166000,2.0,164667,3.0,159800,5.0,166000,9.0,157167,6.0,176500,8.0,172800,5.0,173167,12.0,165111,9.0,165000,14.0,175167,6.0,166667,9.0,173333,3.0,166091,11.0,167600,15.0,168083,12.0,160000,1.0,169700,10.0,180167,6.0,176154,13.0,171286,14.0,171125,24.0,177083,12.0,174167,6.0,177700,10.0,184833,18.0,179476,21.0,172957,23.0,185714,7.0,179400,10.0,188250,4.0,206375,8.0,184789,19.0,179500,26.0,184400,5.0,181500,6.0,197500,4.0,206900,10.0,202667,24.0,195353,17.0,191125,8.0,184800,10.0,193500,6.0,215818,11.0,215000,9.0,199500,12.0,215000,3.0,192500,4.0,197429,7.0,214111,9.0,209923,13.0,190526,19.0,,,195889,9.0,189714,7.0,206615,13.0,204125,16.0,192529,17.0,191714,7.0,217500,4.0,196500,2.0,208333,6.0,207000,13.0,206385,13.0,196000,4.0,220000,3.0,197500,2.0,229364,11.0,209933,15.0,228273,11.0,197500,2.0,,,188500,6.0,214900,10.0,201312,16.0,204278,18.0,186000,3.0,188200,5.0,186667,3.0,199889,18.0,201500,14.0,197000,14.0,191250,4.0,186750,4.0,181250,4.0,198667,12.0,194059,17.0,197786,28.0,194000,2.0,200000,6.0,188500,6.0,193556,9.0,198143,14.0,201357,14.0,195000,2.0,187000,1.0,188000,1.0,188100,10.0,193000,11.0,195227,22.0,141000,1.0,184250,4.0,183000,2.0,202333,12.0,192923,13.0,189909,11.0,181500,2.0,183667,3.0,,,213000,4.0,197714,14.0,192737,19.0,,,190000,2.0,179000,3.0,210167,6.0,209636,11.0,207222,9.0,179500,2.0,171500,2.0,183000,2.0,208800,5.0,208875,8.0,203615,13.0,180000,1.0,189000,3.0,184000,1.0,211143,7.0,217667,6.0,214400,10.0,184333,3.0,196750,4.0,182000,1.0,216833,6.0,216200,5.0,211000,2.0,181500,4.0,197000,1.0,186000,3.0,214250,4.0,211333,6.0,199333,12.0,160000,1.0,218000,1.0,193667,3.0,210800,5.0,205714,7.0,201700,10.0,188750,4.0,189500,2.0,208500,2.0,203444,9.0,202556,9.0,198125,8.0
257712,뉴발란스 x 포터리 574 프리미엄 하드 네이비,24000,U574BG2,2024-03-15,149000.0,Hard Navy,0,2024-03-12,118.0,139814,152.0,141737,105.0,137562,272.0,156812,344.0,161262,404.0,161656,140600,5.0,140571,7.0,137500,2.0,152182,22.0,156429,28.0,155088,34.0,139833,6.0,141778,9.0,140111,9.0,154179,39.0,160640,50.0,158271,48.0,143556,9.0,146875,16.0,141714,14.0,160185,27.0,165306,36.0,168610,41.0,139895,19.0,145842,19.0,141167,18.0,163926,27.0,168742,31.0,166683,41.0,143067,15.0,142882,17.0,136625,8.0,160867,30.0,160964,28.0,161257,35.0,132500,12.0,135000,10.0,134533,15.0,153333,24.0,157069,29.0,157548,31.0,136091,11.0,131833,12.0,138714,7.0,154471,17.0,160042,24.0,162000,27.0,138875,8.0,137357,14.0,136200,5.0,150917,12.0,163000,26.0,162125,24.0,136125,8.0,141200,10.0,132250,4.0,155400,10.0,159083,24.0,162500,22.0,137500,6.0,141667,9.0,131000,4.0,159625,8.0,162812,16.0,162550,20.0,140750,4.0,140500,6.0,128500,4.0,164444,9.0,152222,9.0,161632,19.0,150750,4.0,139800,5.0,134833,6.0,153571,7.0,160500,12.0,160667,12.0,141500,4.0,146667,6.0,138000,3.0,165900,10.0,165625,8.0,169286,14.0,144333,3.0,156200,5.0,138000,4.0,152333,15.0,162750,12.0,162000,19.0,145750,4.0,141286,7.0,139000,2.0,151571,14.0,158364,11.0,154471,17.0,,,,,,,146000,1.0,,,,,,,,,,,,,,,,,,,,,,,,,,,,,,,,,,,,,,,,,,,,,,,,,,,,,,,,,,,,,,,,,,,,,,,,,,,,,,,,,,,,,,,,,,,,,,,,,,,,,,,,,,,,,,,,,,,,,,,,,,,,
557656,뉴발란스 204L 팀버울프 리넨,11000,U204LMMC,2025-08-13,159000.0,Timberwolf/Linen,0,2025-08-13,392.0,161569,440.0,167182,328.0,163040,101.0,166238,121.0,163017,117.0,160675,199000,7.0,223125,8.0,222250,4.0,200333,3.0,199200,5.0,210500,4.0,204667,12.0,224444,9.0,208786,14.0,192000,1.0,,,209000,1.0,188889,18.0,191444,18.0,181941,17.0,189000,4.0,189000,5.0,187667,3.0,176941,17.0,176955,22.0,177579,19.0,185167,6.0,188500,2.0,182000,3.0,176875,24.0,185652,23.0,174158,19.0,204833,6.0,205000,6.0,187417,12.0,187200,20.0,176485,33.0,176880,25.0,212800,10.0,224800,5.0,214000,2.0,169957,23.0,173700,30.0,170647,17.0,220667,3.0,198333,6.0,180333,3.0,169200,30.0,167760,25.0,169833,18.0,216500,2.0,183800,5.0,169500,6.0,164200,20.0,165500,20.0,161053,19.0,210667,3.0,180000,7.0,176500,6.0,173333,15.0,179000,19.0,166154,13.0,203500,2.0,179600,5.0,179571,7.0,175000,12.0,194750,4.0,167769,13.0,207333,3.0,185500,2.0,174200,5.0,172615,13.0,177118,17.0,162625,8.0,167889,9.0,158800,5.0,164250,4.0,164059,17.0,166143,21.0,158600,10.0,155667,3.0,156167,6.0,166600,5.0,153750,20.0,154731,26.0,154294,17.0,154000,5.0,163833,6.0,152600,5.0,145900,10.0,149789,19.0,152889,9.0,152000,4.0,150800,5.0,148000,4.0,140462,13.0,151375,16.0,147100,10.0,145667,3.0,151400,5.0,146000,5.0,144333,12.0,161000,14.0,147091,11.0,130000,1.0,144333,3.0,149667,3.0,149067,15.0,170067,15.0,152000,7.0,136750,4.0,155500,4.0,176000,2.0,139769,13.0,148824,17.0,147545,11.0,127000,1.0,138167,6.0,176500,2.0,135091,11.0,135923,13.0,145000,11.0,133500,4.0,136000,2.0,161750,4.0,126875,8.0,137417,12.0,141000,7.0,126250,4.0,133667,3.0,145333,3.0,123429,7.0,135000,12.0,131545,11.0,122833,6.0,126000,4.0,131333,6.0,134188,16.0,156333,9.0,134091,11.0,123500,2.0,126750,8.0,115333,6.0,134647,17.0,142267,15.0,136900,10.0,113571,7.0,123000,5.0,116000,6.0,133929,14.0,159500,12.0,148583,12.0,119500,2.0,131875,8.0,123200,5.0,158250,8.0,164545,11.0,158000,5.0,121000,3.0,148333,3.0,122600,5.0
771694,뉴발란스 2010 앱졸브 블랙 팬텀,1148,U2010ACB,2026-01-29,219000.0,Black/Phantom,0,2026-01-29,5.0,245400,4.0,219750,1.0,230000,27.0,242741,23.0,247609,21.0,244619,246333,3.0,216333,3.0,230000,1.0,238923,13.0,248000,16.0,246500,16.0,244000,2.0,,,,,220571,7.0,254333,3.0,238250,4.0,,,230000,1.0,,,272000,7.0,241000,4.0,240000,1.0,,,,,,,,,,,,,,,,,,,,,,,,,,,,,,,,,,,,,,,,,,,,,,,,,,,,,,,,,,,,,,,,,,,,,,,,,,,,,,,,,,,,,,,,,,,,,,,,,,,,,,,,,,,,,,,,,,,,,,,,,,,,,,,,,,,,,,,,,,,,,,,,,,,,,,,,,,,,,,,,,,,,,,,,,,,,,,,,,,,,,,,,,,,,,,,,,,,,,,,,,,,,,,,,,,,,,,,,,,,,,,,,,,,,,,,,,,,,,,,,,,,,,,,,,,,,,,,,,,,,,,,,,,,,,,,,,,,,
437626,뉴발란스 미니머스 MT10O 블랙 캐슬락,13000,MT10OAC,2025-02-19,159000.0,Black/Castlerock,0,2025-03-03,111.0,167225,115.0,178687,99.0,178586,51.0,203608,61.0,213984,83.0,216337,,,,,,,,,,,234500,2.0,,,242000,2.0,,,,,,,213000,1.0,,,,,,,,,290000,1.0,210000,1.0,,,249000,1.0,,,200000,1.0,,,279000,1.0,,,,,249000,2.0,,,,,,,169000,3.0,174250,4.0,189333,3.0,175000,1.0,191000,5.0,176500,2.0,174333,3.0,160333,6.0,159167,6.0,181200,5.0,180250,4.0,170167,6.0,160833,6.0,160800,5.0,162800,5.0,179000,2.0,172500,2.0,172400,5.0,155286,7.0,162000,4.0,151000,3.0,166600,5.0,170000,2.0,176333,3.0,153111,9.0,156222,9.0,159091,11.0,170500,6.0,179400,5.0,186692,13.0,150800,5.0,154900,10.0,150250,4.0,175667,3.0,191750,4.0,200875,8.0,156000,6.0,163200,5.0,154500,8.0,183600,5.0,196750,4.0,214000,3.0,155750,4.0,174857,7.0,161000,5.0,243667,3.0,220500,4.0,222000,3.0,155400,10.0,178667,3.0,170000,5.0,,,223500,4.0,230429,7.0,158600,10.0,178000,5.0,167667,6.0,295000,1.0,219000,4.0,240500,6.0,161500,4.0,166571,7.0,172556,9.0,220000,1.0,269000,2.0,269000,1.0,170625,8.0,185000,2.0,173750,4.0,200000,1.0,226000,1.0,268000,1.0,174333,6.0,176800,5.0,184500,6.0,221333,3.0,222000,3.0,261000,4.0,174000,4.0,183000,4.0,196000,4.0,226000,4.0,,,251000,3.0,178500,2.0,179800,5.0,214600,5.0,235000,1.0,258000,4.0,261667,3.0,186000,3.0,193364,11.0,,,235000,1.0,290000,1.0,250000,1.0,179250,4.0,204714,7.0,259500,2.0,258000,3.0,226667,3.0,260000,1.0,189800,5.0,222000,4.0,230000,1.0,245000,1.0,226000,2.0,267250,4.0,191500,4.0,208000,3.0,248500,2.0,260000,2.0,290000,1.0,230000,2.0,196167,6.0,193500,2.0,205667,3.0,210500,2.0,228000,3.0,232000,2.0,186000,2.0,193500,4.0,213800,5.0,,,220500,2.0,,
464206,뉴발란스 992 메이드 인 USA 코어 블랙,5454,U992TB,2025-03-07,200288700.0,Black,0,2025-03-14,37.0,323243,50.0,311480,37.0,321162,167.0,334383,147.0,350265,209.0,345498,351000,3.0,,,355000,1.0,373000,7.0,405750,8.0,381556,9.0,330000,3.0,344000,1.0,336000,3.0,355417,12.0,371111,9.0,368429,14.0,329167,6.0,335333,6.0,335500,4.0,351929,14.0,392833,6.0,380421,19.0,340000,4.0,317714,7.0,332286,7.0,353091,11.0,374625,8.0,378400,15.0,319333,3.0,310500,2.0,341333,3.0,345714,14.0,363400,10.0,358412,17.0,335000,2.0,309000,3.0,306500,2.0,344375,8.0,368900,10.0,356071,14.0,328000,1.0,310000,1.0,325667,3.0,336083,12.0,364600,10.0,340385,13.0,334000,1.0,,,320000,1.0,342750,4.0,362333,9.0,338400,10.0,,,304250,4.0,300000,1.0,337000,9.0,348273,11.0,333091,11.0,322000,1.0,302500,2.0,315000,1.0,321500,10.0,346500,2.0,330714,7.0,320000,1.0,291333,3.0,339000,1.0,331250,4.0,331333,3.0,329800,5.0,,,304400,5.0,340000,1.0,330000,3.0,330000,3.0,332455,11.0,315000,1.0,310000,1.0,343000,1.0,319818,11.0,329000,5.0,332500,4.0,312000,2.0,,,262000,1.0,322250,4.0,325429,7.0,328200,10.0,325000,1.0,,,,,320500,2.0,329750,8.0,328667,3.0,,,306667,3.0,290000,1.0,324500,4.0,368000,2.0,306250,4.0,,,319000,2.0,290000,1.0,334667,3.0,322143,7.0,327000,1.0,306000,1.0,,,289000,1.0,317250,4.0,337000,2.0,319500,6.0,,,280000,1.0,280000,1.0,310000,7.0,311500,2.0,315500,6.0,299000,1.0,300000,1.0,280000,1.0,296000,3.0,325000,2.0,318750,4.0,317000,1.0,304000,1.0,295000,1.0,315667,3.0,323500,6.0,312250,4.0,,,294333,3.0,,,309667,3.0,305000,3.0,318400,5.0,,,,,,,302500,8.0,321500,2.0,325800,5.0,292000,3.0,315000,1.0,,,335000,1.0,303833,6.0,319000,2.0,290000,1.0,324000,2.0,,,305500,2.0,327000,3.0,320500,6.0,298000,1.0,320000,1.0,295000,1.0,318500,4.0,336333,3.0,318750,4.0
461430,뉴발란스 1906L 블랙,5814,U1906LBN,2025-03-19,239000.0,Black,0,2025-03-30,40.0,202025,40.0,211875,52.0,212096,114.0,238711,155.0,237748,132.0,246606,281000,1.0,220000,1.0,240000,2.0,271667,3.0,268000,4.0,304250,4.0,207750,4.0,210000,1.0,233000,4.0,259111,9.0,265571,7.0,272222,9.0,240000,1.0,259000,2.0,256333,3.0,265727,11.0,265000,12.0,263417,12.0,209667,3.0,204800,5.0,231000,4.0,253286,7.0,261333,9.0,258222,9.0,176750,4.0,230000,3.0,196750,4.0,246000,5.0,250714,14.0,268125,8.0,185500,6.0,201000,4.0,180286,7.0,239375,8.0,228429,7.0,,,201400,5.0,222000,1.0,177000,2.0,244167,6.0,233500,10.0,259222,9.0,198000,2.0,212000,3.0,192500,2.0,257333,3.0,248182,11.0,264000,1.0,182000,1.0,206333,3.0,210000,3.0,248500,2.0,240600,5.0,244750,4.0,194000,1.0,182250,4.0,,,248400,5.0,240600,5.0,231000,7.0,178000,2.0,163500,2.0,209000,1.0,261000,1.0,248667,3.0,227143,7.0,,,185000,1.0,195000,1.0,245500,2.0,248750,4.0,278750,4.0,163500,2.0,224500,2.0,,,240500,4.0,,,251625,8.0,203500,4.0,,,,,264333,3.0,278000,3.0,248500,2.0,,,,,193000,1.0,259750,4.0,278250,4.0,255000,3.0,241000,2.0,,,,,270000,1.0,255500,2.0,257500,4.0,,,,,219000,1.0,220000,1.0,240000,3.0,237200,5.0,,,200000,1.0,193000,2.0,234000,5.0,219400,5.0,213667,3.0,,,204000,1.0,202667,3.0,224000,1.0,221667,6.0,206750,4.0,,,199000,1.0,216667,3.0,215000,3.0,239000,3.0,204000,4.0,,,248000,1.0,210667,3.0,215000,3.0,197750,4.0,219333,3.0,,,,,217500,2.0,221500,2.0,209222,9.0,233833,6.0,260000,1.0,,,239000,1.0,205667,6.0,191200,5.0,237000,2.0,,,,,,,203400,5.0,191111,9.0,220000,5.0,262000,1.0,240000,1.0,,,202500,6.0,203250,4.0,208800,5.0,,,250333,3.0,246667,3.0,202500,8.0,226000,7.0,225750,4.0
65216,뉴발란스 574 레거시 네이비,77000,U574LGBB,22/05/05,149000.0,Navy,0,2022-06-10,342.0,382953,438.0,348356,374.0,333107,628.0,202777,646.0,204015,670.0,203890,,,,,,,,,154000,4.0,137000,4.0,,,,,,,129000,2.0,,,147500,4.0,119000,2.0,,,,,,,,,,,,,,,,,,,,,120000,2.0,,,,,,,,,,,,,,,,,129000,2.0,,,110000,2.0,,,,,,,,,125000,2.0,,,123500,4.0,,,135000,2.0,,,119000,2.0,120000,2.0,,,140000,6.0,120333,6.0,,,128500,4.0,140000,2.0,115000,4.0,226500,24.0,233800,60.0,241333,18.0,175263,38.0,186000,14.0,174368,38.0,354429,14.0,307214,56.0,352556,18.0,197533,60.0,208733,30.0,197160,50.0,331867,30.0,308087,46.0,312368,38.0,186185,54.0,183750,48.0,174244,90.0,361741,54.0,333086,70.0,307350,40.0,190440,50.0,188903,62.0,188370,54.0,392650,40.0,398958,48.0,338333,30.0,215389,36.0,223280,50.0,216273,44.0,408500,44.0,398467,30.0,355231,52.0,239870,46.0,220400,50.0,220963,54.0,394308,26.0,391667,24.0,319773,44.0,241875,32.0,227167,48.0,230462,52.0,392588,34.0,394111,36.0,314923,52.0,226160,50.0,220385,52.0,233423,52.0,447125,16.0,463500,20.0,350000,40.0,214581,62.0,221618,68.0,233600,40.0,483375,16.0,484750,8.0,404750,16.0,212407,54.0,227217,46.0,236778,36.0,489000,18.0,465667,6.0,412000,10.0,195400,60.0,197647,68.0,201640,50.0,507600,10.0,466909,22.0,419800,10.0,174476,42.0,173074,54.0,198406,64.0,494750,8.0,490500,4.0,402000,4.0,186294,34.0,177913,46.0,204214,28.0,,,,,,,,,,,,,,,,,,,,,,,,,,,,,,,,,,,,,,,,,,,,,,,,
343934,뉴발란스 1906A Black,1055,M1906AF,24/09/18,208355900.0,Black,0,2024-11-14,10.0,224500,8.0,234875,10.0,238600,10.0,236900,22.0,223591,22.0,208682,,,260000,1.0,,,,,245000,2.0,,,,,,,,,233500,2.0,240000,1.0,,,210000,1.0,,,253000,1.0,,,239000,1.0,,,,,,,255000,1.0,,,221000,2.0,256500,2.0,,,234000,1.0,237000,1.0,,,225000,1.0,,,224000,1.0,,,241000,1.0,259000,1.0,,,,,232000,2.0,,,,,249000,1.0,,,204000,1.0,,,215000,2.0,,,,,,,205000,1.0,,,,,219000,1.0,218000,1.0,208000,1.0,220500,2.0,,,,,,,,,,,220000,1.0,,,,,,,,,203000,1.0,204000,1.0,199000,1.0,210000,1.0,203000,1.0,,,218500,2.0,198000,1.0,230000,1.0,,,,,,,210000,1.0,207000,1.0,,,,,230500,2.0,,,215000,2.0,200250,4.0,,,,,,,239000,1.0,210000,1.0,206500,2.0,229000,1.0,,,,,230000,1.0,216000,1.0,,,229000,1.0,249000,1.0,259000,1.0,230000,1.0,217000,1.0,,,,,,,,,,,,,,,230000,1.0,,,258000,1.0,,,215000,1.0,,,,,247000,1.0,,,234000,1.0,185000,1.0,206000,1.0,230000,1.0,,,,,243000,1.0,266000,1.0,180500,2.0,,,249000,1.0,,,,,266000,1.0,206000,1.0,,,,,,,,,,,206000,1.0,,,,,,,,,,,,,,,,,,,,,,,206000,1.0,,,,,,,,,220000,1.0,,
186600,뉴발란스 1906R 블랙 실버 메탈릭,35000,M1906RCH,23/08/29,179000.0,Black/Silver Metallic,0,2023-10-18,224.0,178906,232.0,180470,176.0,171653,223.0,166578,249.0,166181,283.0,162138,170333,3.0,164000,1.0,176500,2.0,178500,2.0,179333,3.0,,,157222,9.0,167800,10.0,163222,9.0,160625,8.0,163857,7.0,162556,9.0,161556,9.0,170750,12.0,165429,7.0,163444,9.0,158444,9.0,162769,13.0,169286,7.0,164571,7.0,154750,4.0,164333,6.0,157556,9.0,162083,12.0,172500,10.0,165375,8.0,162200,5.0,164500,6.0,165364,11.0,162889,9.0,166000,5.0,171778,9.0,164750,8.0,167375,8.0,163333,3.0,158900,10.0,170833,6.0,175125,8.0,176600,5.0,171875,8.0,178333,6.0,170167,6.0,168429,7.0,167091,11.0,166714,7.0,166111,9.0,167429,7.0,158308,13.0,160333,3.0,166571,7.0,164500,4.0,155333,6.0,157000,10.0,157400,10.0,156778,9.0,157800,5.0,153429,7.0,154333,12.0,158714,7.0,157286,7.0,151000,3.0,161700,10.0,157000,4.0,158500,10.0,154857,7.0,154900,10.0,161778,9.0,158867,15.0,155222,9.0,150444,9.0,156000,3.0,151500,8.0,164800,5.0,167889,9.0,157667,3.0,158750,4.0,156000,12.0,155000,7.0,165000,11.0,161500,8.0,160625,8.0,151714,7.0,151182,11.0,151727,11.0,168222,9.0,164857,7.0,161000,8.0,148571,7.0,152286,7.0,151571,7.0,166167,6.0,165444,9.0,164500,8.0,160400,5.0,157800,10.0,147000,7.0,171889,9.0,164167,12.0,165100,10.0,158167,6.0,157125,8.0,154636,11.0,178455,11.0,181091,11.0,169000,7.0,160667,6.0,164545,11.0,161750,12.0,190643,14.0,203625,8.0,181667,12.0,159214,14.0,172200,10.0,157500,12.0,184625,8.0,197600,10.0,175111,9.0,163158,19.0,168688,16.0,161300,20.0,204250,8.0,216556,9.0,184700,10.0,180467,15.0,179615,26.0,166556,18.0,200188,16.0,219300,10.0,199500,4.0,184750,8.0,177167,12.0,176312,16.0,199067,15.0,208917,12.0,207429,7.0,179750,8.0,176909,11.0,173875,8.0,185000,14.0,201500,14.0,184375,8.0,181857,14.0,169733,15.0,167733,15.0,202429,14.0,237167,6.0,199667,6.0,183333,12.0,171250,12.0,170444,18.0,224250,4.0,214250,4.0,190800,5.0,195800,5.0,176000,6.0,171071,14.0
496016,뉴발란스 740 블랙 시멘트 블랙 - D 스탠다드,4888,U740BO2,,139000.0,Black Cement/Black,0,2025-04-22,60.0,115733,44.0,119114,32.0,116719,48.0,120083,46.0,129043,37.0,134892,121750,4.0,122000,2.0,,,,,121000,1.0,,,,,121000,2.0,,,119000,1.0,121000,2.0,121000,2.0,119500,2.0,118000,1.0,130500,2.0,120000,1.0,121000,2.0,121000,1.0,139000,1.0,120000,2.0,,,131500,2.0,,,121000,1.0,120000,1.0,,,127000,1.0,,,,,128000,1.0,,,,,,,131000,1.0,130000,1.0,,,134000,1.0,,,,,125500,2.0,130000,3.0,132000,1.0,129000,2.0,127000,3.0,126333,3.0,129000,2.0,124750,4.0,,,134000,1.0,118000,1.0,113000,1.0,,,,,129000,2.0,,,121333,3.0,122000,2.0,128000,2.0,132500,2.0,124000,3.0,,,122000,1.0,124500,2.0,123000,1.0,140000,1.0,,,136000,1.0,131000,1.0,,,130000,3.0,149000,1.0,,,133000,1.0,125000,2.0,,,124000,1.0,,,120000,1.0,120000,1.0,,,,,124000,1.0,,,130000,2.0,122000,1.0,,,121000,1.0,123000,1.0,138000,1.0,131000,1.0,120000,4.0,120000,1.0,,,122000,1.0,126250,4.0,133500,2.0,119000,2.0,118667,3.0,119000,1.0,118000,2.0,127333,3.0,139000,1.0,118000,1.0,,,117000,1.0,111333,3.0,117250,4.0,129000,1.0,115500,2.0,107333,3.0,112000,2.0,108333,3.0,124667,3.0,137000,1.0,109500,4.0,112000,3.0,116000,1.0,116000,2.0,,,127000,2.0,104333,3.0,115400,5.0,112333,3.0,116000,3.0,125200,5.0,128000,4.0,107333,6.0,117500,2.0,105000,1.0,115000,4.0,134000,3.0,134500,2.0,102000,6.0,115667,3.0,110000,4.0,115333,6.0,128500,2.0,148500,2.0,111286,7.0,115500,2.0,112333,6.0,113500,2.0,156000,2.0,156000,4.0,112600,5.0,123333,3.0,109000,1.0,126500,4.0,149000,1.0,163000,2.0,126500,4.0,137000,1.0,,,,,144000,1.0,152000,1.0
385699,뉴발란스 1906R 피스타치오 버터 모렐,14000,M1906RNP,24/11/14,219000.0,Pistachio Butter/Morel/Black,0,2024-11-15,36.0,225583,33.0,240182,19.0,248105,84.0,221786,62.0,227677,80.0,226762,,,199000,1.0,,,199000,1.0,224000,1.0,179000,1.0,,,,,,,189000,1.0,185000,2.0,,,,,,,,,218000,1.0,199500,2.0,,,,,,,,,,,204000,2.0,214000,2.0,,,,,185000,1.0,,,200000,1.0,200000,2.0,,,,,180000,1.0,200000,1.0,,,,,,,,,,,199333,3.0,,,,,179000,1.0,,,,,,,200500,2.0,203500,4.0,,,,,,,197500,2.0,180000,1.0,197000,1.0,183500,2.0,,,,,,,184000,2.0,195000,1.0,,,186000,2.0,,,,,182000,1.0,190000,1.0,180667,3.0,209500,4.0,226000,2.0,181667,3.0,222000,1.0,187000,4.0,198333,3.0,224000,6.0,,,191600,5.0,194500,2.0,199800,5.0,238000,1.0,228500,2.0,,,202250,4.0,211500,6.0,226833,6.0,239000,1.0,229333,3.0,240500,2.0,201250,8.0,208667,3.0,221000,5.0,212800,5.0,220000,1.0,239000,3.0,206625,8.0,233714,7.0,221200,5.0,229000,3.0,220000,1.0,,,206800,5.0,234000,1.0,223000,6.0,226200,5.0,222200,5.0,243500,2.0,216333,6.0,231400,5.0,247750,4.0,251200,5.0,294500,2.0,,,222500,8.0,242000,2.0,234667,6.0,262600,5.0,340000,1.0,267333,3.0,241500,6.0,252000,4.0,238000,2.0,255000,2.0,221000,1.0,,,254714,7.0,239600,5.0,240600,5.0,,,319500,2.0,283000,3.0,268667,3.0,261200,5.0,241857,7.0,,,,,261000,1.0,241750,4.0,250000,1.0,259000,3.0,,,329000,1.0,300000,1.0,279333,3.0,264333,3.0,251400,5.0,,,359000,1.0,,,246500,2.0,300000,1.0,250000,2.0,,,,,,,269333,3.0,256000,2.0,258667,3.0
89436,뉴발란스 530 클래식 블랙,16000,MR530CC,22/12/16,139000.0,Black,0,2022-12-16,124.0,139895,120.0,139250,92.0,138783,119.0,142807,113.0,142903,135.0,140126,128250,8.0,127429,7.0,131500,2.0,137375,8.0,128857,7.0,136143,7.0,128714,7.0,135250,4.0,122667,3.0,136857,7.0,137000,4.0,129400,5.0,129125,8.0,132750,8.0,126000,9.0,133857,7.0,145000,6.0,130077,13.0,124333,3.0,127571,7.0,126750,4.0,127889,9.0,130714,7.0,129857,7.0,114444,9.0,121167,6.0,122400,5.0,121300,10.0,118571,7.0,122400,10.0,112167,6.0,117000,7.0,119500,4.0,117333,9.0,114444,9.0,121833,6.0,122714,14.0,114571,7.0,134615,13.0,120923,13.0,123727,11.0,120333,9.0,138571,7.0,122471,17.0,152000,3.0,123714,14.0,122182,11.0,120833,12.0,139125,8.0,132000,4.0,142400,5.0,143143,7.0,140125,8.0,125400,10.0,150429,7.0,142200,10.0,147667,3.0,152714,7.0,148833,6.0,132214,14.0,169000,6.0,163000,3.0,149500,4.0,161333,3.0,154125,8.0,153500,6.0,176400,5.0,160286,7.0,150000,1.0,179333,3.0,183800,5.0,154800,5.0,175000,1.0,176000,5.0,161500,4.0,201500,2.0,,,162667,3.0,168286,7.0,215667,3.0,209000,1.0,200000,1.0,176667,3.0,165000,1.0,173333,3.0,245000,1.0,,,,,197500,2.0,203500,4.0,150000,1.0,200000,2.0,194000,1.0,213000,2.0,155000,1.0,180000,1.0,159500,2.0,,,185250,4.0,219333,3.0,196500,2.0,202667,3.0,155500,4.0,151667,3.0,149333,3.0,212000,1.0,209000,1.0,160000,1.0,153500,2.0,149000,3.0,132600,5.0,,,214000,1.0,,,150000,2.0,143000,5.0,131000,5.0,191333,3.0,215000,1.0,149000,1.0,143000,3.0,140000,2.0,130667,3.0,,,202000,2.0,165800,5.0,143333,3.0,141667,3.0,137400,5.0,229500,2.0,,,164400,5.0,141250,4.0,139000,1.0,129000,1.0,200000,1.0,218000,1.0,183500,2.0,,,140000,1.0,139000,1.0,,,,,,,141000,2.0,139333,3.0,125000,1.0,183500,2.0,152600,5.0,186667,3.0,142000,2.0,140000,1.0,134500,2.0,136800,5.0,137200,5.0,143500,2.0
65217,뉴발란스 574 레거시 블랙,32000,U574LGG1,23/05/05,149000.0,Black,0,2022-06-11,2.0,139000,1.0,124000,2.0,132000,20.0,129450,6.0,141000,28.0,127250,,,,,129000,1.0,139000,2.0,,,150500,2.0,,,,,,,142667,3.0,150000,1.0,134000,1.0,,,,,,,126000,3.0,,,133000,1.0,139000,1.0,,,,,145000,1.0,130000,1.0,134250,4.0,139000,1.0,,,,,129000,2.0,149000,2.0,128000,2.0,,,,,135000,1.0,124500,2.0,,,127000,2.0,,,124000,1.0,,,127250,4.0,134000,2.0,118444,9.0,,,,,,,114667,3.0,,,126000,7.0,,,,,,,,,,,,,,,,,,,,,,,,,,,,,,,,,,,,,,,,,,,,,,,,,,,,,,,,,,,,,,,,,,,,,,,,,,,,,,,,,,,,,,,,,,,,,,,,,,,,,,,,,,,,,,,,,,,,,,,,,,,,,,,,,,,,,,,,,,,,,,,,,,,,,,,,,,,,,,,,,,,,,,,,,,,,,,,,,,,,,,,,,,,,,,,,,,,,,,,,,,,,,,,,,,,,,,,,
102872,뉴발란스 2002R 프리미엄 빈티지 블랙,21000,M2002RNC,23/02/27,189000.0,Black,0,2023-02-25,150.0,164433,127.0,175260,119.0,171050,292.0,189445,341.0,188393,405.0,182706,178000,5.0,169333,3.0,178111,9.0,175900,10.0,175059,17.0,174524,21.0,178500,10.0,176800,5.0,176250,4.0,177500,18.0,176632,19.0,177250,24.0,166333,9.0,173750,8.0,176500,8.0,175625,16.0,173130,23.0,172036,28.0,166250,12.0,174412,17.0,176538,13.0,171385,26.0,172000,25.0,171333,27.0,163812,16.0,173500,10.0,179500,6.0,178258,31.0,176308,26.0,174900,30.0,166357,14.0,175500,12.0,175778,9.0,198682,22.0,189160,25.0,183871,31.0,171556,9.0,179167,6.0,170500,6.0,203571,14.0,198118,17.0,189704,27.0,168556,9.0,173000,10.0,171000,7.0,199000,14.0,192773,22.0,196667,21.0,169714,7.0,178714,7.0,169000,4.0,195867,15.0,189174,23.0,193545,22.0,167700,10.0,181000,5.0,167333,6.0,197846,13.0,197500,18.0,183609,23.0,170600,10.0,178429,7.0,168700,10.0,201647,17.0,199188,16.0,181040,25.0,173000,3.0,189750,4.0,169333,3.0,206333,9.0,207929,14.0,189692,13.0,165333,3.0,187000,5.0,178000,4.0,202889,9.0,200714,14.0,188765,17.0,158250,4.0,183000,3.0,168333,3.0,190600,5.0,208875,8.0,189500,12.0,147333,3.0,182000,2.0,168000,1.0,191167,6.0,196556,9.0,187857,14.0,147750,4.0,,,166500,4.0,192083,12.0,194200,10.0,183800,5.0,149250,4.0,176500,2.0,163000,1.0,182625,8.0,188545,11.0,180333,9.0,130600,5.0,172500,2.0,159000,3.0,187714,7.0,185700,10.0,178750,8.0,145000,2.0,162000,1.0,149667,3.0,186750,8.0,192167,6.0,179923,13.0,154000,1.0,153000,3.0,155333,3.0,200429,7.0,192625,8.0,189200,10.0,,,141667,3.0,,,207400,5.0,196500,2.0,186400,5.0,154000,1.0,171500,2.0,162000,1.0,216000,2.0,194714,7.0,191200,5.0,159500,2.0,174000,3.0,165500,2.0,200000,1.0,198250,4.0,189333,3.0,161000,2.0,184000,1.0,166000,1.0,197250,4.0,198500,4.0,186286,7.0,149200,5.0,175000,5.0,161000,6.0,182875,8.0,180000,1.0,183667,3.0,,,185000,1.0,177500,2.0,189200,5.0,181000,2.0,167500,2.0
23523,뉴발란스 992 메이드 인 USA 그레이 - D 스탠다드,43000,M992GR,20/04/13,259000.0,GREY,0,2020-02-20,5.0,313600,7.0,301857,10.0,308300,36.0,317167,25.0,325120,26.0,322000,,,300000,1.0,,,,,,,,,,,,,,,,,,,,,,,,,,,,,,,,,,,,,,,,,300000,1.0,,,,,,,399000,1.0,369000,2.0,345000,2.0,370000,1.0,,,308000,1.0,311333,3.0,322778,9.0,332500,2.0,357000,2.0,349000,1.0,314000,2.0,,,315300,10.0,342000,6.0,338333,3.0,304750,4.0,292333,3.0,291667,6.0,308133,15.0,315231,13.0,313650,20.0,,,,,,,,,323000,1.0,,,,,,,,,,,,,,,,,,,,,,,,,,,,,,,,,,,,,,,,,,,,,,,,,,,,,,,,,,,,,,,,,,,,,,,,,,,,,,,,,,,,,,,,,,,,,,,,,,,,,,,,,,,,,,,,,,,,,,,,,,,,,,,,,,,,,,,,,,,,,,,,,,,,,,,,,,,,,,,,,,,,,,,,,,,,,,,,,,,,,,,,,,,,,,,,,,,,,,,,,,,,,,
775768,뉴발란스 로버 SD2510 블랙,294,SD2510BK,26/01/30,139000.0,Black,0,2026-01-31,,,57.0,170614,,,26.0,158846,,,9.0,147889,,,172464,28.0,,,151818,11.0,,,132250,4.0,,,161235,17.0,,,162500,12.0,,,153000,3.0,,,179583,12.0,,,170000,3.0,,,171500,2.0,,,,,,,,,,,,,,,,,,,,,,,,,,,,,,,,,,,,,,,,,,,,,,,,,,,,,,,,,,,,,,,,,,,,,,,,,,,,,,,,,,,,,,,,,,,,,,,,,,,,,,,,,,,,,,,,,,,,,,,,,,,,,,,,,,,,,,,,,,,,,,,,,,,,,,,,,,,,,,,,,,,,,,,,,,,,,,,,,,,,,,,,,,,,,,,,,,,,,,,,,,,,,,,,,,,,,,,,,,,,,,,,,,,,,,,,,,,,,,,,,,,,,,,,,,,,,,,,,,,,,,,,,,,,,,,,,,,,
23854,(W) 뉴발란스 993 메이드 인 USA 그레이 - B 스탠다드,38000,WR993GL,18/08/20,279000.0,GREY/WHITE,1,2020-06-13,6.0,235000,6.0,240000,4.0,245000,7.0,260000,3.0,265000,7.0,270000,,,,,,,260000,1.0,,,,,,,,,,,,,,,,,,,,,,,,,,,,,,,,,,,,,,,270000,1.0,,,,,,,,,,,,,,,,,,,,,,,,,,,,,,,,,,,270000,1.0,,,,,,,260000,1.0,,,,,,,,,,,,,,,,,,,,,,,,,265000,1.0,,,,,,,,,,,,,,,,,,,,,,,,,,,,,,,,,,,,,,,,,,,,,,,,,,,,,,,,,,,,,270000,1.0,,,,,,,,,,,,,,,,,,,,,,,,,,,,,,,,,265000,1.0,270000,1.0,,,,,,,,,,,,,,,240000,4.0,,,260000,2.0,,,270000,1.0,235000,3.0,240000,1.0,245000,1.0,,,,,,,235000,3.0,240000,1.0,245000,3.0,260000,3.0,265000,1.0,270000,2.0,,,,,,,,,,,,,,,,,,,,,,,,,,,,,,,,,,,,,,,,,,,,,,,,
464516,뉴발란스 992 메이드 인 USA 코어 네이비,4649,U992NY,25/03/21,309000.0,Navy,0,2025-03-25,18.0,342556,30.0,339733,26.0,352923,113.0,359920,138.0,369116,195.0,348631,400000,1.0,412500,2.0,387500,2.0,410800,5.0,420400,10.0,401778,9.0,,,,,,,415875,8.0,417750,8.0,403562,16.0,380000,1.0,377667,3.0,390000,1.0,406600,5.0,419800,5.0,398273,11.0,367500,2.0,387000,1.0,374000,2.0,413000,5.0,425900,10.0,393200,10.0,379000,3.0,,,377000,3.0,402714,7.0,414778,9.0,392700,10.0,,,377500,2.0,377500,2.0,393333,3.0,418167,6.0,369375,8.0,340000,2.0,381000,2.0,355000,1.0,364444,9.0,372778,9.0,351769,13.0,,,,,340000,1.0,349375,8.0,340455,11.0,338500,14.0,350000,1.0,340000,1.0,367000,2.0,348500,8.0,336900,10.0,342636,11.0,,,334000,2.0,330000,1.0,334286,7.0,341000,5.0,333600,5.0,,,324000,3.0,332000,2.0,322750,4.0,328000,1.0,326500,8.0,,,,,,,329143,7.0,334714,7.0,319111,9.0,,,325500,2.0,334000,1.0,325000,2.0,344750,4.0,323333,9.0,319000,1.0,,,330000,1.0,331800,5.0,341750,4.0,335667,6.0,,,300500,2.0,,,325500,2.0,344400,5.0,320800,5.0,,,300000,1.0,349000,1.0,340500,2.0,333600,5.0,310500,4.0,,,322500,2.0,340000,1.0,330833,6.0,,,311800,5.0,,,,,,,337000,4.0,342000,2.0,304600,5.0,284500,2.0,297000,1.0,,,336500,2.0,335000,3.0,313000,4.0,,,292667,3.0,,,339400,5.0,330667,3.0,311333,6.0,279000,1.0,,,315500,2.0,335000,1.0,333000,2.0,316000,10.0,,,329000,1.0,,,,,329000,1.0,315500,2.0,332000,2.0,330000,1.0,310000,1.0,338500,2.0,,,310250,4.0,,,,,340000,1.0,335000,2.0,329375,8.0,314000,1.0,329000,1.0,,,320000,1.0,342500,2.0,340333,6.0,318000,6.0,324000,1.0,319000,1.0,,,342000,2.0,364500,4.0,314000,4.0
393121,뉴발란스 미니머스 MT10O 슬레이트 그레이 실버 메탈릭,17000,MT10OAB,24/11/22,159000.0,Slate Grey/Silver Metallic,0,2024-11-24,88.0,236693,82.0,224976,73.0,229288,31.0,216581,40.0,226050,27.0,222481,,,230000,1.0,230000,1.0,215000,1.0,,,220000,1.0,,,,,,,219000,1.0,,,,,,,229000,1.0,216500,2.0,,,229000,2.0,,,238000,1.0,,,,,233000,1.0,,,,,270000,2.0,225000,1.0,224000,1.0,,,,,,,,,,,224000,1.0,,,,,,,,,,,300000,1.0,300000,1.0,229000,2.0,217500,2.0,,,,,358000,1.0,,,,,,,300000,1.0,330000,2.0,,,,,235000,1.0,,,349000,1.0,,,,,200000,1.0,310000,1.0,,,,,,,,,,,244000,1.0,,,290000,1.0,362000,1.0,,,,,270000,2.0,,,300000,1.0,,,339000,1.0,,,244000,1.0,,,300000,1.0,390000,1.0,370000,1.0,309000,1.0,279000,1.0,,,340000,1.0,,,,,,,,,260000,2.0,,,,,,,270000,1.0,269500,2.0,,,339000,1.0,,,369000,1.0,,,,,,,357200,5.0,,,,,,,340000,1.0,290000,1.0,,,,,,,275000,1.0,,,,,300000,2.0,295000,2.0,275000,2.0,307000,1.0,350000,1.0,330000,1.0,237500,2.0,,,262667,3.0,,,357000,1.0,,,235500,6.0,233200,5.0,249600,5.0,241000,1.0,229000,1.0,,,232500,12.0,220833,12.0,218600,5.0,208250,4.0,212000,5.0,206200,5.0,209571,14.0,207913,23.0,207667,18.0,216000,6.0,199667,6.0,251000,3.0,208750,20.0,211810,21.0,215300,20.0,184286,7.0,187125,8.0,197250,8.0,215294,17.0,226333,12.0,216800,10.0,181500,4.0,176000,4.0,212500,4.0
432750,뉴발란스 1906L 리치 오크 블랙 시멘트,5305,U1906LNS,25/02/05,239000.0,Rich Oak/Black Cement,0,2025-02-06,14.0,271429,14.0,273500,22.0,259682,57.0,296035,41.0,302488,66.0,301318,,,368000,1.0,,,313333,3.0,340000,1.0,296500,4.0,,,,,270000,1.0,303500,2.0,303000,1.0,307000,1.0,299000,1.0,,,269000,1.0,295000,3.0,307000,2.0,320000,3.0,273667,3.0,292000,3.0,274333,3.0,314500,8.0,312167,6.0,306875,16.0,282000,1.0,280000,1.0,267750,4.0,302625,8.0,302000,5.0,298125,8.0,,,250000,1.0,266500,2.0,293000,4.0,306250,4.0,298333,3.0,276500,2.0,,,259000,1.0,293800,5.0,285857,7.0,296000,5.0,,,230000,1.0,244500,2.0,288167,6.0,293333,3.0,,,250000,1.0,251500,2.0,244000,1.0,294000,3.0,296000,5.0,303800,5.0,256000,2.0,275000,2.0,246500,2.0,283000,6.0,309000,1.0,294600,5.0,264667,3.0,256500,2.0,250000,1.0,299000,3.0,347000,1.0,292000,4.0,,,,,253000,2.0,,,295000,1.0,301000,3.0,289000,1.0,259000,1.0,253000,2.0,279667,3.0,319000,2.0,296000,4.0,,,,,,,273000,3.0,293500,2.0,303400,5.0,,,,,,,,,,,,,,,,,,,,,,,,,,,,,,,,,,,,,,,,,,,,,,,,,,,,,,,,,,,,,,,,,,,,,,,,,,,,,,,,,,,,,,,,,,,,,,,,,,,,,,,,,,,,,,,,,,,,,,,,,,,,,,,,,,,,,,,,,,,,,,,,
426574,뉴발란스 1906A 슬레이트 그레이 레인클라우드,659,U1906AC,25/01/22,239000.0,Slate Grey/Raincloud/Drift Red,0,2025-01-23,2.0,338500,7.0,269143,3.0,277333,5.0,273000,5.0,308000,7.0,253429,,,,,,,,,,,255000,1.0,,,,,,,250000,1.0,,,,,,,,,,,,,,,,,,,,,,,,,280000,1.0,,,300000,1.0,,,,,,,,,,,,,285000,1.0,,,,,,,,,,,,,303000,1.0,,,370000,1.0,,,,,,,320000,1.0,,,,,,,,,,,,,,,,,254500,2.0,,,,,,,,,,,270000,1.0,,,,,,,,,,,,,,,,,,,,,,,,,,,,,,,,,308000,1.0,,,,,,,,,,,,,,,,,285000,1.0,,,,,,,,,,,281000,2.0,,,,,,,,,,,,,,,,,287000,1.0,,,,,,,,,,,,,,,,,,,,,,,,,,,377000,1.0,262000,1.0,,,,,,,,,,,,,,,262000,2.0,,,250000,1.0,,,,,209000,1.0,,,,,240000,1.0,,,,,,,,,,,,,,,,,,,341000,1.0,295000,1.0,,,,,250000,1.0,,,,,,,250000,1.0,,,240000,1.0,,,250000,1.0,,,,
90805,뉴발란스 530 화이트 실버,55000,MR530AD,23/01/06,119000.0,WHITE/SILVER,0,2022-12-31,371.0,129593,385.0,130582,287.0,130331,226.0,122956,202.0,123624,181.0,124094,121000,2.0,102000,3.0,117333,3.0,,,119000,3.0,,,100917,12.0,100900,10.0,103062,16.0,100000,1.0,101000,1.0,101500,2.0,104000,10.0,104875,8.0,108833,6.0,107000,3.0,103500,4.0,104000,3.0,134125,8.0,120167,6.0,131286,7.0,135667,3.0,128000,4.0,124250,4.0,121500,6.0,122125,8.0,126667,3.0,119000,1.0,132667,3.0,131667,3.0,109900,20.0,111500,12.0,120818,11.0,114500,12.0,118500,10.0,112429,7.0,129083,12.0,126824,17.0,128417,12.0,121500,8.0,121778,9.0,131300,10.0,130105,19.0,131875,24.0,134769,13.0,121778,9.0,118556,18.0,121429,7.0,127125,24.0,133154,13.0,132400,10.0,117222,9.0,114786,14.0,118900,10.0,129043,23.0,128360,25.0,126800,20.0,122333,12.0,117111,9.0,126545,11.0,126806,31.0,124862,29.0,120190,21.0,124333,15.0,117786,14.0,121600,10.0,128259,27.0,127931,29.0,124300,20.0,119600,10.0,119417,12.0,111625,8.0,127789,19.0,123556,18.0,130091,22.0,113750,16.0,120818,11.0,113500,10.0,133364,22.0,127808,26.0,138296,27.0,117647,17.0,120909,11.0,118846,13.0,149300,20.0,142324,34.0,145000,8.0,122909,11.0,123889,9.0,128722,18.0,157571,14.0,161909,11.0,155308,13.0,121636,11.0,128533,15.0,132889,18.0,155143,14.0,147045,22.0,155111,9.0,130542,24.0,137182,11.0,146714,7.0,140429,21.0,150217,23.0,147385,13.0,137867,15.0,150091,11.0,138750,8.0,129653,49.0,131500,52.0,133703,37.0,128212,33.0,129792,24.0,124900,20.0,118000,18.0,119800,15.0,120375,16.0,117062,16.0,117222,9.0,115833,12.0,,,,,,,,,,,,,,,,,,,,,,,,,,,,,,,,,,,,,,,,,,,,,,,,,,,,,,,,,,,,,,,,,,,,,,,,
24794,뉴발란스 878 트리플 블랙,16000,CM878XL,19/08/01,149000.0,Black,0,2020-09-06,,,1.0,99000,,,19.0,116842,7.0,107714,28.0,117964,,,,,,,119000,1.0,,,120571,7.0,,,,,,,116000,1.0,,,107000,2.0,,,,,,,115000,1.0,,,105000,1.0,,,,,,,,,,,109000,2.0,,,,,,,97000,2.0,,,,,,,,,,,112000,1.0,,,100000,1.0,,,,,,,113000,1.0,,,,,,,,,,,108667,3.0,,,109000,2.0,,,,,,,,,,,120000,1.0,,,,,,,,,110000,1.0,,,,,,,,,,,104000,1.0,109000,1.0,,,,,,,,,98500,2.0,129000,1.0,,,,,,,,,,,115000,1.0,,,,,,,115000,1.0,,,,,,,,,,,,,,,100000,1.0,,,99000,1.0,,,107000,1.0,,,,,,,,,,,,,109000,1.0,115000,1.0,,,,,,,129000,1.0,105000,1.0,,,,,,,,,129000,1.0,,,,,,,,,,,129000,1.0,,,,,,,,,,,,,,,,,,,,,,,129000,2.0,,,124500,2.0,,,,,,,129000,1.0,,,,,,,,,,,,,,,140000,2.0,,,,,,,129000,1.0,129000,1.0,129000,1.0,,,,,,,,,,,129000,2.0
101218,뉴발란스 530 프리미엄 빈티지 그레이 매터,45000,MR530TG,23/02/23,159000.0,Grey Matter,0,2023-02-22,16.0,157875,8.0,164375,3.0,163667,10.0,152600,3.0,161000,7.0,151571,157875,16.0,164375,8.0,163667,3.0,152600,10.0,161000,3.0,151571,7.0,,,,,,,,,,,,,,,,,,,,,,,,,,,,,,,,,,,,,,,,,,,,,,,,,,,,,,,,,,,,,,,,,,,,,,,,,,,,,,,,,,,,,,,,,,,,,,,,,,,,,,,,,,,,,,,,,,,,,,,,,,,,,,,,,,,,,,,,,,,,,,,,,,,,,,,,,,,,,,,,,,,,,,,,,,,,,,,,,,,,,,,,,,,,,,,,,,,,,,,,,,,,,,,,,,,,,,,,,,,,,,,,,,,,,,,,,,,,,,,,,,,,,,,,,,,,,,,,,,,,,,,,,,,,,,,,,,,,,,,,,,,,,,,,,,,,,,,,,,,,
584497,뉴발란스 740 화이트 그레이,529,U740PH2,,,White/Grey/Metallic,0,2025-08-31,18.0,89889,30.0,105633,17.0,97412,33.0,96303,19.0,99421,32.0,95219,,,,,,,,,160000,1.0,,,,,130000,1.0,,,,,,,,,,,134500,2.0,,,,,,,,,,,132500,2.0,,,,,,,120000,1.0,,,,,,,100000,1.0,,,100000,1.0,,,123500,2.0,,,108000,2.0,,,,,,,,,,,108000,2.0,,,108000,1.0,,,130000,1.0,,,104000,3.0,,,108000,1.0,,,135000,1.0,155000,1.0,,,,,107000,2.0,,,115000,1.0,,,,,,,,,,,113500,2.0,,,102000,1.0,,,98000,1.0,,,115000,1.0,,,102000,1.0,154000,1.0,,,,,105000,1.0,,,102000,1.0,,,103000,1.0,,,114000,1.0,,,102000,1.0,,,,,,,,,,,,,,,,,,,,,,,,,,,,,,,,,148000,1.0,98000,1.0,131000,1.0,,,123000,1.0,114000,1.0,,,99000,1.0,,,157000,1.0,,,,,151000,1.0,101500,2.0,,,,,,,,,,,98000,1.0,110000,1.0,99000,1.0,99000,1.0,104000,1.0,99000,1.0,,,100500,2.0,99000,1.0,99000,1.0,92000,1.0,90000,1.0,99000,6.0,96667,3.0,96500,2.0,89714,7.0,86000,1.0,85333,3.0,87750,4.0,86750,4.0,88571,7.0,83286,7.0,82167,6.0,83333,6.0,80000,4.0,82667,6.0,86000,7.0,86000,1.0,85600,5.0,85667,3.0,81500,2.0,,,85200,5.0,,,,,,,,,,,,
388308,뉴발란스 1906A 씨 솔트 문빔,236,M1906AB,24/11/20,239000.0,Sea Salt/Moonbeam/Astro Dust,0,2024-12-11,1.0,229000,3.0,253667,,,4.0,212000,1.0,305000,3.0,160000,,,263000,1.0,,,,,,,,,,,,,,,,,,,,,,,,,,,,,,,,,,,248000,1.0,,,,,,,,,,,,,,,,,,,,,,,,,,,,,,,,,,,,,,,,,,,,,,,,,,,,,,,,,,,,,,,,,305000,1.0,,,,,,,,,,,,,,,,,,,,,,,,,,,,,,,,,262000,1.0,,,,,,,,,,,,,,,,,,,250000,1.0,,,266000,1.0,,,,,229000,1.0,,,,,,,,,,,,,,,,,,,,,,,,,,,,,,,,,,,,,,,,,,,,,,,,,,,,,160000,1.0,,,160000,1.0,,,,,,,,,,,,,,,,,,,,,,,160000,2.0,,,,,,,,,,,,,,,,,,,,,,,,,,,,,,,160000,1.0,,,,,,,,,,,,,,,,,,,,,,,,,,,,
226052,뉴발란스 1906R 실버 메탈릭 씨 솔트,9563,M1906REE,24/01/12,179000.0,Silver Metallic/Sea Salt,0,2024-01-11,220.0,197973,240.0,194167,184.0,184766,82.0,170476,61.0,172180,85.0,170353,,,149000,1.0,,,,,162000,1.0,,,156000,1.0,156000,1.0,,,,,167000,1.0,,,155750,4.0,155000,3.0,,,,,,,160000,1.0,157500,4.0,156250,4.0,156167,6.0,,,,,157000,1.0,155167,6.0,155500,6.0,153000,2.0,154800,5.0,,,,,158600,5.0,160500,8.0,153800,5.0,,,155000,1.0,,,165000,4.0,163800,5.0,156500,4.0,157333,3.0,155500,2.0,153000,2.0,161000,9.0,160500,8.0,157000,4.0,160000,2.0,154000,2.0,164500,2.0,177889,9.0,160308,13.0,157250,8.0,163000,2.0,159000,1.0,157000,5.0,209154,13.0,182353,17.0,162857,7.0,178750,4.0,160500,2.0,177667,3.0,218286,7.0,197000,18.0,180778,9.0,171667,3.0,170750,4.0,173600,5.0,211500,14.0,215071,14.0,190714,14.0,173000,5.0,173600,5.0,180400,5.0,217273,11.0,221765,17.0,196417,12.0,181667,3.0,189000,1.0,168375,8.0,223167,6.0,247125,8.0,195889,9.0,178000,5.0,195000,6.0,171714,7.0,228438,16.0,224917,12.0,188100,10.0,181500,4.0,184667,3.0,167429,7.0,219267,15.0,207214,14.0,184900,10.0,184000,1.0,184000,1.0,186333,6.0,229800,10.0,223900,10.0,206312,16.0,167833,6.0,169500,4.0,166333,3.0,196238,21.0,196250,16.0,197333,9.0,163000,5.0,166778,9.0,167571,7.0,190812,16.0,182824,17.0,187643,14.0,172200,10.0,172000,3.0,173667,3.0,190300,10.0,185308,13.0,182778,9.0,171333,3.0,171000,3.0,166000,6.0,195091,11.0,199100,10.0,187750,8.0,170000,4.0,172500,2.0,170833,6.0,197125,8.0,215000,5.0,196545,11.0,171400,5.0,172333,3.0,168000,1.0,191400,10.0,194500,6.0,188667,9.0,175333,3.0,176250,4.0,171500,4.0,183500,6.0,183571,7.0,189500,4.0,172250,4.0,,,177667,3.0,191500,2.0,215000,3.0,183667,3.0,171000,2.0,166000,1.0,,,167000,2.0,184500,4.0,166000,1.0,165000,3.0,165500,2.0,,
298493,뉴발란스 1906R 실버 메탈릭 블랙,3663,M1906RER,24/06/21,179000.0,Silver Metallic/Black,0,2024-06-17,73.0,165370,79.0,167278,44.0,162886,47.0,162660,49.0,166327,55.0,157818,194000,1.0,,,,,176000,1.0,,,179000,1.0,165000,1.0,,,166000,1.0,155000,1.0,166500,2.0,164333,3.0,,,162333,3.0,161500,4.0,160000,1.0,132000,1.0,145000,1.0,,,163000,1.0,158000,1.0,161000,1.0,159600,5.0,,,,,151000,2.0,155000,1.0,,,150000,1.0,152250,4.0,149000,5.0,161000,1.0,,,167000,2.0,173000,2.0,156000,2.0,156333,3.0,163000,1.0,158500,4.0,169333,3.0,164500,2.0,156000,1.0,167000,3.0,166375,8.0,166000,1.0,160000,2.0,169750,4.0,161000,2.0,165125,8.0,165500,2.0,164500,2.0,165667,3.0,170333,3.0,165333,3.0,171333,3.0,168857,7.0,163333,3.0,155000,1.0,165750,4.0,158000,3.0,167500,6.0,160500,4.0,172500,2.0,165000,1.0,186333,3.0,157750,4.0,165625,8.0,174000,11.0,164000,4.0,181500,2.0,169667,3.0,162333,3.0,160500,2.0,173000,1.0,,,198000,1.0,178000,1.0,161333,3.0,162667,3.0,169167,6.0,180500,2.0,165000,4.0,,,160333,3.0,160667,3.0,162500,2.0,161500,2.0,144000,2.0,186500,2.0,157000,1.0,173500,2.0,164000,2.0,,,159500,2.0,,,158667,3.0,170500,2.0,162000,3.0,159000,1.0,159500,2.0,155000,1.0,159000,1.0,154750,4.0,165700,10.0,159500,2.0,159000,2.0,158000,2.0,159000,1.0,165600,5.0,169500,2.0,161000,1.0,161500,2.0,160000,1.0,155000,2.0,174667,3.0,166000,2.0,160000,1.0,158667,3.0,163500,2.0,154000,1.0,175333,3.0,169500,2.0,150000,1.0,162000,2.0,182000,2.0,153000,1.0,164000,3.0,178000,3.0,158000,3.0,163500,2.0,164000,1.0,,,169000,1.0,175000,1.0,161000,1.0,151500,2.0,152000,1.0,157750,4.0,169500,2.0,176500,2.0,164857,7.0,163000,2.0,150500,2.0,,,178500,2.0,155000,2.0,,,156000,2.0,162750,4.0,152500,6.0,,,173000,1.0,,,158000,1.0,,,148500,2.0
455044,뉴발란스 1906A 잉크웰 씨 솔트,228,U1906ANB,25/03/05,239000.0,Inkwell/Sea Salt/Faded Plum,0,2025-03-14,1.0,349000,1.0,240000,2.0,283500,1.0,200000,8.0,284000,,,,,,,,,,,284500,2.0,,,,,,,,,,,272000,1.0,,,,,,,,,,,,,,,,,,,,,,,253000,1.0,,,,,,,,,,,,,,,,,,,,,,,250000,1.0,,,,,,,,,,,,,,,,,,,299000,1.0,,,,,,,,,,,,,,,,,,,,,,,,,,,210000,1.0,,,,,,,,,,,,,,,349000,1.0,,,,,,,,,,,,,,,,,,,,,,,,,,,,,,,,,,,,,,,,,,,,,,,,,,,,,,,,,,,,,,,,,,,279000,1.0,,,,,240000,1.0,,,200000,1.0,,,,,,,,,,,,,,,,,,,,,,,,,,,,,,,,,,,,,439000,1.0,,,,,,,,,,,,,,,,,,,,,,,,,,,,,,,,,,,,,,,,,,,,,,,,,,,,,,,268000,1.0,,,,,,
456436,뉴발란스 1906A 에그플랜트 씨 솔트,227,U1906ANA,25/03/05,239000.0,Eggplant/Sea Salt,0,2025-04-25,1.0,241000,1.0,329000,2.0,279500,2.0,201000,5.0,268400,1.0,249000,,,,,,,,,296000,1.0,,,,,,,,,,,,,,,,,,,329000,1.0,,,,,,,,,,,,,,,,,,,,,329000,1.0,,,,,,,,,,,,,,,,,,,,,,,,,,,,,239000,1.0,,,,,,,,,,,,,,,,,,,,,,,,,,,,,,,,,,,,,,,,,,,,,,,270000,1.0,,,,,,,,,,,,,,,,,,,,,180000,1.0,,,,,,,,,,,,,,,,,,,,,,,,,284000,1.0,,,,,,,,,,,,,,,,,,,,,,,,,249000,1.0,,,,,230000,1.0,,,253000,1.0,,,,,,,,,,,,,,,241000,1.0,,,,,,,,,,,,,,,,,,,,,,,,,,,,,,,,,,,,,,,,,,,,,,,,,,,,,,,,,,,,,,,,,,,,,,,,,,,,,222000,1.0,,,,
445499,뉴발란스 509 블랙 캐슬 그레이,9704,U509XB,25/02/21,189000.0,Black/Castle Grey,0,2025-02-21,26.0,197731,51.0,198255,41.0,200805,114.0,225833,165.0,229291,164.0,239848,220667,3.0,204200,5.0,212000,2.0,219500,12.0,212357,14.0,212091,11.0,,,,,203000,1.0,203600,5.0,206800,10.0,206714,7.0,180000,1.0,199000,1.0,,,198429,7.0,208000,10.0,211118,17.0,197500,2.0,192000,2.0,191000,1.0,198235,17.0,206833,12.0,220692,13.0,,,194750,4.0,198500,2.0,202273,11.0,206500,10.0,223786,14.0,197000,2.0,199000,3.0,190000,4.0,208200,5.0,205000,13.0,230000,7.0,205000,2.0,222000,5.0,203000,5.0,205833,12.0,212300,10.0,230385,13.0,220750,4.0,240500,2.0,207250,4.0,231000,6.0,226438,16.0,242538,13.0,244000,1.0,225000,2.0,220500,4.0,256750,4.0,257333,3.0,269833,6.0,,,260000,2.0,239000,2.0,265000,2.0,259000,5.0,274000,4.0,,,,,268000,1.0,255000,2.0,261625,8.0,266143,7.0,,,,,233000,1.0,263667,3.0,261667,3.0,267400,5.0,,,228000,1.0,235000,1.0,274000,3.0,255833,6.0,273000,8.0,218000,1.0,200000,1.0,,,273000,1.0,281500,4.0,278333,3.0,,,204000,2.0,234000,1.0,266000,2.0,259667,6.0,281250,4.0,214000,1.0,230000,1.0,233000,1.0,244000,2.0,275000,1.0,260000,5.0,204500,2.0,224000,1.0,,,236000,3.0,252200,5.0,245250,4.0,,,208600,5.0,183000,1.0,256667,3.0,252167,6.0,279000,2.0,,,165000,1.0,167500,2.0,284000,1.0,246333,6.0,241333,3.0,,,153000,2.0,182500,2.0,270250,4.0,234800,5.0,243000,3.0,157000,1.0,153667,3.0,157500,2.0,267500,2.0,242000,3.0,230143,7.0,156500,2.0,178000,1.0,158333,3.0,,,239000,1.0,269000,1.0,164000,1.0,161333,3.0,,,230000,1.0,241250,4.0,,,156500,2.0,162667,3.0,,,,,240000,1.0,250000,1.0,185000,1.0,155000,1.0,,,276000,2.0,243500,2.0,272000,3.0,,,,,178000,1.0,269750,4.0,232000,1.0,303000,3.0
257713,뉴발란스 x 포터리 574 프리미엄 소프트 그레이,12000,U574GG2,24/03/15,149000.0,Soft Grey,0,2024-03-14,37.0,132649,60.0,135783,43.0,133442,147.0,135109,144.0,141958,262.0,140935,141400,5.0,139000,4.0,141000,3.0,142750,8.0,143800,10.0,144923,13.0,138333,3.0,137000,3.0,135000,2.0,139182,11.0,143538,13.0,149154,26.0,131875,8.0,135143,7.0,128750,4.0,131300,10.0,131750,16.0,139036,28.0,133000,4.0,130800,5.0,129667,6.0,129889,9.0,143091,11.0,138304,23.0,,,141200,5.0,134000,1.0,140200,5.0,139333,6.0,139000,12.0,137500,2.0,134000,2.0,133000,1.0,132143,7.0,136300,10.0,135357,14.0,,,132600,5.0,136500,4.0,132750,4.0,138875,8.0,137727,11.0,,,134000,3.0,138000,1.0,134429,7.0,140857,7.0,141667,15.0,,,135000,5.0,135000,2.0,139429,7.0,140000,1.0,139111,9.0,130000,1.0,135500,2.0,134000,1.0,139000,8.0,140000,7.0,141273,11.0,,,136500,2.0,129000,3.0,137800,5.0,152889,9.0,141167,12.0,128333,3.0,,,131000,1.0,142800,5.0,141250,4.0,140600,10.0,131000,1.0,138000,1.0,,,139800,5.0,144333,3.0,142700,10.0,,,141000,3.0,,,133800,5.0,,,140000,5.0,,,,,,,138500,4.0,147000,3.0,127600,5.0,129500,2.0,144000,1.0,,,128750,4.0,138600,5.0,139833,6.0,127500,2.0,136000,1.0,,,127667,3.0,148800,5.0,136667,3.0,125000,1.0,131000,1.0,120000,4.0,123500,6.0,145000,2.0,136250,8.0,,,135000,2.0,136000,1.0,130400,5.0,138750,4.0,143250,4.0,,,139333,3.0,,,130600,5.0,155333,3.0,136000,8.0,,,,,132000,1.0,117500,2.0,140000,2.0,138500,2.0,126500,2.0,130500,2.0,148000,1.0,136500,4.0,144200,5.0,138500,6.0,,,133667,3.0,130000,1.0,136000,5.0,153667,3.0,145333,3.0,,,,,129000,1.0,135500,6.0,145333,3.0,144167,6.0,128500,2.0,,,142750,4.0,137000,3.0,146000,2.0,150000,8.0,129000,1.0,,,153000,1.0,141500,4.0,143500,2.0,151500,4.0
625568,뉴발란스 2002R 브라운 블랙,5560,U2002RAB,25/10/02,189000.0,Brown/Black,0,2025-10-02,42.0,185690,80.0,181725,52.0,187038,117.0,173538,119.0,183513,189.0,175021,,,188500,2.0,199600,5.0,194800,5.0,192636,11.0,197636,11.0,186833,6.0,187167,6.0,189167,6.0,192917,12.0,198538,13.0,193312,16.0,186333,3.0,191333,6.0,179000,1.0,184125,8.0,185000,10.0,186308,13.0,173000,1.0,167429,7.0,180000,1.0,153500,4.0,174200,5.0,167154,13.0,188500,2.0,172333,6.0,167500,4.0,169000,2.0,170333,3.0,159000,4.0,,,169000,4.0,185000,5.0,169500,8.0,163750,4.0,162286,14.0,,,186250,4.0,191000,2.0,177600,5.0,174083,12.0,165500,10.0,195750,4.0,188200,5.0,189800,5.0,174286,7.0,176167,6.0,172083,12.0,189200,5.0,186000,3.0,204000,3.0,170714,7.0,177250,8.0,168250,8.0,206200,5.0,203333,9.0,204500,4.0,171333,9.0,187000,8.0,171000,13.0,217000,1.0,206250,4.0,199000,1.0,168500,6.0,192500,4.0,170800,10.0,213333,3.0,209667,3.0,206000,1.0,166667,6.0,189000,2.0,168250,8.0,185000,1.0,181000,3.0,191750,4.0,172667,6.0,180667,3.0,178583,12.0,,,171000,1.0,199000,2.0,173667,6.0,187000,7.0,184800,5.0,,,169250,4.0,164000,2.0,169800,5.0,187857,7.0,175167,12.0,176000,1.0,163333,3.0,164667,3.0,166500,4.0,179333,3.0,169286,7.0,154667,3.0,156000,2.0,163000,1.0,161167,6.0,179167,6.0,172286,7.0,154000,4.0,162000,3.0,161500,2.0,165111,9.0,182250,4.0,170714,7.0,170333,3.0,160200,5.0,,,166000,2.0,187000,1.0,175000,5.0,,,,,,,,,174000,2.0,168000,2.0,,,,,,,,,,,,,,,,,,,,,,,,,,,,,,,,,,,,,,,,,,,,,,,,,,,,,,,,,,,,,,,,,,,,,,,,
