product_id,한글명,관심수,모델번호,발매일,발매가,색상,is_womens,oldest_trade_date,TotalCnt_All,TotalAvg_All,TotalCnt_Golden,TotalAvg_Golden,TotalCnt_235,TotalAvg_235,TotalCnt_240,TotalAvg_240,TotalCnt_245,TotalAvg_245,TotalCnt_260,TotalAvg_260,TotalCnt_265,TotalAvg_265,TotalCnt_270,TotalAvg_270,Week01_235_Avg,Week01_235_Cnt,Week01_240_Avg,Week01_240_Cnt,Week01_245_Avg,Week01_245_Cnt,Week01_260_Avg,Week01_260_Cnt,Week01_265_Avg,Week01_265_Cnt,Week01_270_Avg,Week01_270_Cnt,Week02_235_Avg,Week02_235_Cnt,Week02_240_Avg,Week02_240_Cnt,Week02_245_Avg,Week02_245_Cnt,Week02_260_Avg,Week02_260_Cnt,Week02_265_Avg,Week02_265_Cnt,Week02_270_Avg,Week02_270_Cnt,Week03_235_Avg,Week03_235_Cnt,Week03_240_Avg,Week03_240_Cnt,Week03_245_Avg,Week03_245_Cnt,Week03_260_Avg,Week03_260_Cnt,Week03_265_Avg,Week03_265_Cnt,Week03_270_Avg,Week03_270_Cnt,Week04_235_Avg,Week04_235_Cnt,Week04_240_Avg,Week04_240_Cnt,Week04_245_Avg,Week04_245_Cnt,Week04_260_Avg,Week04_260_Cnt,Week04_265_Avg,Week04_265_Cnt,Week04_270_Avg,Week04_270_Cnt,Week05_235_Avg,Week05_235_Cnt,Week05_240_Avg,Week05_240_Cnt,Week05_245_Avg,Week05_245_Cnt,Week05_260_Avg,Week05_260_Cnt,Week05_265_Avg,Week05_265_Cnt,Week05_270_Avg,Week05_270_Cnt,Week06_235_Avg,Week06_235_Cnt,Week06_240_Avg,Week06_240_Cnt,Week06_245_Avg,Week06_245_Cnt,Week06_260_Avg,Week06_260_Cnt,Week06_265_Avg,Week06_265_Cnt,Week06_270_Avg,Week06_270_Cnt,Week07_235_Avg,Week07_235_Cnt,Week07_240_Avg,Week07_240_Cnt,Week07_245_Avg,Week07_245_Cnt,Week07_260_Avg,Week07_260_Cnt,Week07_265_Avg,Week07_265_Cnt,Week07_270_Avg,Week07_270_Cnt,Week08_235_Avg,Week08_235_Cnt,Week08_240_Avg,Week08_240_Cnt,Week08_245_Avg,Week08_245_Cnt,Week08_260_Avg,Week08_260_Cnt,Week08_265_Avg,Week08_265_Cnt,Week08_270_Avg,Week08_270_Cnt,Week09_235_Avg,Week09_235_Cnt,Week09_240_Avg,Week09_240_Cnt,Week09_245_Avg,Week09_245_Cnt,Week09_260_Avg,Week09_260_Cnt,Week09_265_Avg,Week09_265_Cnt,Week09_270_Avg,Week09_270_Cnt,Week10_235_Avg,Week10_235_Cnt,Week10_240_Avg,Week10_240_Cnt,Week10_245_Avg,Week10_245_Cnt,Week10_260_Avg,Week10_260_Cnt,Week10_265_Avg,Week10_265_Cnt,Week10_270_Avg,Week10_270_Cnt,Week11_235_Avg,Week11_235_Cnt,Week11_240_Avg,Week11_240_Cnt,Week11_245_Avg,Week11_245_Cnt,Week11_260_Avg,Week11_260_Cnt,Week11_265_Avg,Week11_265_Cnt,Week11_270_Avg,Week11_270_Cnt,Week12_235_Avg,Week12_235_Cnt,Week12_240_Avg,Week12_240_Cnt,Week12_245_Avg,Week12_245_Cnt,Week12_260_Avg,Week12_260_Cnt,Week12_265_Avg,Week12_265_Cnt,Week12_270_Avg,Week12_270_Cnt,Week13_235_Avg,Week13_235_Cnt,Week13_240_Avg,Week13_240_Cnt,Week13_245_Avg,Week13_245_Cnt,Week13_260_Avg,Week13_260_Cnt,Week13_265_Avg,Week13_265_Cnt,Week13_270_Avg,Week13_270_Cnt,Week14_235_Avg,Week14_235_Cnt,Week14_240_Avg,Week14_240_Cnt,Week14_245_Avg,Week14_245_Cnt,Week14_260_Avg,Week14_260_Cnt,Week14_265_Avg,Week14_265_Cnt,Week14_270_Avg,Week14_270_Cnt,Week15_235_Avg,Week15_235_Cnt,Week15_240_Avg,Week15_240_Cnt,Week15_245_Avg,Week15_245_Cnt,Week15_260_Avg,Week15_260_Cnt,Week15_265_Avg,Week15_265_Cnt,Week15_270_Avg,Week15_270_Cnt,Week16_235_Avg,Week16_235_Cnt,Week16_240_Avg,Week16_240_Cnt,Week16_245_Avg,Week16_245_Cnt,Week16_260_Avg,Week16_260_Cnt,Week16_265_Avg,Week16_265_Cnt,Week16_270_Avg,Week16_270_Cnt,Week17_235_Avg,Week17_235_Cnt,Week17_240_Avg,Week17_240_Cnt,Week17_245_Avg,Week17_245_Cnt,Week17_260_Avg,Week17_260_Cnt,Week17_265_Avg,Week17_265_Cnt,Week17_270_Avg,Week17_270_Cnt,Week18_235_Avg,Week18_235_Cnt,Week18_240_Avg,Week18_240_Cnt,Week18_245_Avg,Week18_245_Cnt,Week18_260_Avg,Week18_260_Cnt,Week18_265_Avg,Week18_265_Cnt,Week18_270_Avg,Week18_270_Cnt,Week19_235_Avg,Week19_235_Cnt,Week19_240_Avg,Week19_240_Cnt,Week19_245_Avg,Week19_245_Cnt,Week19_260_Avg,Week19_260_Cnt,Week19_265_Avg,Week19_265_Cnt,Week19_270_Avg,Week19_270_Cnt,Week20_235_Avg,Week20_235_Cnt,Week20_240_Avg,Week20_240_Cnt,Week20_245_Avg,Week20_245_Cnt,Week20_260_Avg,Week20_260_Cnt,Week20_265_Avg,Week20_265_Cnt,Week20_270_Avg,Week20_270_Cnt,Week21_235_Avg,Week21_235_Cnt,Week21_240_Avg,Week21_240_Cnt,Week21_245_Avg,Week21_245_Cnt,Week21_260_Avg,Week21_260_Cnt,Week21_265_Avg,Week21_265_Cnt,Week21_270_Avg,Week21_270_Cnt,Week22_235_Avg,Week22_235_Cnt,Week22_240_Avg,Week22_240_Cnt,Week22_245_Avg,Week22_245_Cnt,Week22_260_Avg,Week22_260_Cnt,Week22_265_Avg,Week22_265_Cnt,Week22_270_Avg,Week22_270_Cnt,Week23_235_Avg,Week23_235_Cnt,Week23_240_Avg,Week23_240_Cnt,Week23_245_Avg,Week23_245_Cnt,Week23_260_Avg,Week23_260_Cnt,Week23_265_Avg,Week23_265_Cnt,Week23_270_Avg,Week23_270_Cnt,Week24_235_Avg,Week24_235_Cnt,Week24_240_Avg,Week24_240_Cnt,Week24_245_Avg,Week24_245_Cnt,Week24_260_Avg,Week24_260_Cnt,Week24_265_Avg,Week24_265_Cnt,Week24_270_Avg,Week24_270_Cnt,Week25_235_Avg,Week25_235_Cnt,Week25_240_Avg,Week25_240_Cnt,Week25_245_Avg,Week25_245_Cnt,Week25_260_Avg,Week25_260_Cnt,Week25_265_Avg,Week25_265_Cnt,Week25_270_Avg,Week25_270_Cnt,Week26_235_Avg,Week26_235_Cnt,Week26_240_Avg,Week26_240_Cnt,Week26_245_Avg,Week26_245_Cnt,Week26_260_Avg,Week26_260_Cnt,Week26_265_Avg,Week26_265_Cnt,Week26_270_Avg,Week26_270_Cnt,Week01_Golden_Avg,Week01_Golden_Cnt,Week02_Golden_Avg,Week02_Golden_Cnt,Week03_Golden_Avg,Week03_Golden_Cnt,Week04_Golden_Avg,Week04_Golden_Cnt,Week05_Golden_Avg,Week05_Golden_Cnt,Week06_Golden_Avg,Week06_Golden_Cnt,Week07_Golden_Avg,Week07_Golden_Cnt,Week08_Golden_Avg,Week08_Golden_Cnt,Week09_Golden_Avg,Week09_Golden_Cnt,Week10_Golden_Avg,Week10_Golden_Cnt,Week11_Golden_Avg,Week11_Golden_Cnt,Week12_Golden_Avg,Week12_Golden_Cnt,Week13_Golden_Avg,Week13_Golden_Cnt,Week14_Golden_Avg,Week14_Golden_Cnt,Week15_Golden_Avg,Week15_Golden_Cnt,Week16_Golden_Avg,Week16_Golden_Cnt,Week17_Golden_Avg,Week17_Golden_Cnt,Week18_Golden_Avg,Week18_Golden_Cnt,Week19_Golden_Avg,Week19_Golden_Cnt,Week20_Golden_Avg,Week20_Golden_Cnt,Week21_Golden_Avg,Week21_Golden_Cnt,Week22_Golden_Avg,Week22_Golden_Cnt,Week23_Golden_Avg,Week23_Golden_Cnt,Week24_Golden_Avg,Week24_Golden_Cnt,Week25_Golden_Avg,Week25_Golden_Cnt,Week26_Golden_Avg,Week26_Golden_Cnt
457531,뉴발란스 992 메이드 인 USA 코어 그레이 실버 메탈릭,26000,U992GY,2025-03-07,309000,Grey/Grey/Silver Metallic,0,2025-03-10,1191,403931,1191,403931,96,396229,90,402589,99,381505,275,402745,305,405616,326,412804,438000,3,420333,3,407000,2,431556,18,434100,30,424342,38,407857,7,391417,12,382846,13,404882,34,412474,38,403955,44,411600,20,402880,25,387720,25,412250,76,417477,86,417333,99,392095,42,419286,21,384139,36,404952,83,400427,82,417244,78,382042,24,393034,29,367652,23,379359,64,380841,69,400209,67,,,,,,,,,,,,,,,,,,,,,,,,,,,,,,,,,,,,,,,,,,,,,,,,,,,,,,,,,,,,,,,,,,,,,,,,,,,,,,,,,,,,,,,,,,,,,,,,,,,,,,,,,,,,,,,,,,,,,,,,,,,,,,,,,,,,,,,,,,,,,,,,,,,,,,,,,,,,,,,,,,,,,,,,,,,,,,,,,,,,,,,,,,,,,,,,,,,,,,,,,,,,,,,,,,,,,,,,,,,,,,,,,,,,,,,,,,,,,,,,,,,,,,,,,,,,,428777,94,403669,148,412529,331,403781,342,385486,276,,,,,,,,,,,,,,,,,,,,,,,,,,,,,,,,,,,,,,,,,,
317696,뉴발란스 1906A 실버 메탈릭 캐슬락,7795,M1906AD,2024-07-24,239000,Silver Metallic/Castlerock/Gold Metallic,0,2024-07-27,516,224895,516,224895,37,258216,45,237022,39,227769,113,219991,132,222818,150,217813,,,,,270000,1,,,,,,,,,,,,,,,,,350000,1,,,,,,,,,313000,1,,,,,,,,,275000,2,301000,2,,,275000,1,,,,,283000,2,301500,2,295000,1,307500,2,,,,,284000,3,251667,3,277000,4,317000,1,284000,1,266400,5,278333,3,277000,5,269286,7,270000,1,267000,2,258000,2,259000,4,254000,2,257000,8,269000,1,,,266000,3,238000,5,245333,6,244400,10,266000,1,258000,1,269000,1,228750,4,240000,2,225800,5,257667,3,236667,3,257500,2,223800,10,229900,10,228833,6,270000,1,270500,4,255000,1,246429,7,249800,5,217429,7,270000,2,246000,3,,,,,248000,4,230750,4,247000,1,236500,6,238500,2,213000,3,227000,4,213000,8,242500,2,224000,3,221500,2,196000,2,208000,6,204200,5,235250,4,225000,1,214000,1,223700,10,235000,8,219400,10,218000,3,264500,2,183000,9,236429,7,243833,6,240333,3,236000,1,250500,2,179000,2,218000,6,234000,7,234600,5,275000,4,189750,4,234000,1,204200,5,202375,8,217714,7,,,160333,3,216000,1,182556,9,174250,12,187167,6,,,201000,4,213000,1,184875,8,170571,14,173167,12,257000,2,297000,1,213000,1,185667,3,193750,4,176000,5,234000,3,240000,1,,,182733,15,196429,7,168867,15,217000,1,279000,1,209000,2,238500,2,229143,7,207077,13,282500,2,278500,2,232000,1,262000,1,248500,4,227750,4,298000,1,297000,1,263000,1,270500,2,257000,3,258250,4,270000,1,350000,1,313000,1,288000,4,289833,6,277500,12,274455,22,258947,19,246920,25,236929,14,232588,34,244120,25,245615,13,224750,24,213050,20,226206,34,222300,30,226696,23,215759,29,179161,31,178513,39,202250,16,185146,41,218731,26,251500,14,266917,12
25785,뉴발란스 2002R 그레이,105000,ML2002RC,2020-09-25,179000,Grey,0,2020-09-25,502,169514,502,169514,32,165625,41,164220,27,163407,114,171053,131,169634,157,171522,154400,5,173714,7,157000,2,160429,21,161069,29,161962,26,149000,1,152333,3,147000,2,165667,9,170643,14,178700,10,149500,2,149000,2,,,184000,1,179000,2,191250,4,159000,1,148667,3,158000,1,180000,1,175000,5,187667,6,169000,2,154500,2,159000,2,199667,3,180500,4,179600,5,145000,1,179000,1,160000,1,179000,3,166250,4,171000,5,169000,1,159250,4,169000,2,151154,13,156250,16,154273,22,151500,2,170000,1,158333,3,158286,7,160700,10,158400,15,170000,1,155000,1,,,168000,7,170000,8,163100,10,174000,4,164500,2,178000,1,183222,9,181571,7,174667,3,,,200000,1,190000,1,188500,2,193000,4,187667,3,185000,1,179000,2,169000,1,192429,7,193500,2,210000,4,178833,6,167600,5,168667,6,172188,16,169917,12,171750,20,167667,3,161750,4,159500,2,174400,5,179222,9,185100,10,169500,2,164667,3,162333,3,191000,7,193500,4,191364,11,,,,,,,184667,3,219000,1,189333,3,,,,,,,,,,,,,,,,,,,,,,,,,,,,,,,,,,,,,,,,,,,,,,,,,,,,,,,,,,,,,,,,,,,,,,,,,,,,,,,,,,,,,,,,,,,,,,,,,,,,,,,,,,,,,,,,,,,,,,,,,161700,90,168385,39,173091,11,173176,17,176889,18,169400,15,155224,58,158921,38,166370,27,178731,26,191091,11,193294,17,171569,65,175909,33,184533,30,191571,7,,,,,,,,,,,,,,,,,,,,
44101,뉴발란스 410v5 블랙 - 2E 와이드,40000,MT410CK5,,109000,Black,0,2021-11-28,34,85941,34,85941,,,8,87625,3,89000,5,84200,7,85714,11,84818,,,99000,1,,,,,,,,,,,,,,,,,,,,,,,99000,1,,,,,,,,,,,,,,,,,,,,,,,,,,,,,,,,,,,88000,1,,,89000,1,,,89000,1,,,,,,,,,89000,1,88000,1,,,,,,,,,,,87000,1,,,,,,,,,89000,1,,,,,,,,,86500,2,,,,,,,87000,1,,,,,89000,1,,,,,,,,,,,,,88000,1,,,,,89000,1,,,,,,,,,,,89000,1,,,,,,,,,81500,2,,,,,,,,,,,,,,,,,77500,2,89000,1,,,,,,,,,89000,1,,,,,,,,,80000,1,,,,,,,,,,,,,,,89000,1,,,,,,,,,89000,1,88500,2,,,,,,,,,,,,,,,83000,1,,,,,,,71500,2,,,,,,,79000,1,,,,,,,,,89000,1,,,,,83000,1,,,,,,,,,,,,,,,82000,1,,,,,,,,,99000,1,,,99000,1,,,,,88667,3,88500,2,87000,1,89000,1,86500,2,88000,2,88000,1,89000,1,89000,1,81500,2,81333,3,89000,1,80000,1,89000,1,88667,3,,,75333,3,79000,1,86000,2,,,82000,1
538811,뉴발란스 204L 스웨이드 머쉬룸 애리드 스톤,45000,U204LMMA,2025-07-03,159000,Mushroom/Arid Stone,0,2025-07-03,1464,217773,1464,217773,363,215298,376,224859,246,230703,166,204392,165,205879,148,212615,236955,22,235474,19,246333,9,233875,8,237933,15,220833,12,205417,24,216833,30,218588,17,235889,9,215429,7,219667,9,193933,15,197130,23,196818,11,188500,6,179667,3,189000,6,173222,18,186040,25,199545,11,181182,11,180000,16,184818,11,176452,31,202452,31,192810,21,186895,19,175533,15,184750,12,209160,50,230500,26,225261,23,200444,18,202400,20,227900,10,240955,44,244810,42,263750,28,208577,26,216458,24,226722,18,227082,61,228203,79,241745,47,206840,25,213304,23,218115,26,221274,62,242070,57,238318,44,205222,27,202917,24,216481,27,218944,36,227409,44,228486,35,206882,17,212333,18,210588,17,,,,,,,,,,,,,,,,,,,,,,,,,,,,,,,,,,,,,,,,,,,,,,,,,,,,,,,,,,,,,,,,,,,,,,,,,,,,,,,,,,,,,,,,,,,,,,,,,,,,,,,,,,,,,,,,,,,,,,,,,,,,,,,,,,,,,,,,,,,,,,,,,,,,,,,,,,,,,,,,,,,,,,,,,,,,,,,,,,,,,,,,,,,,,,,,,235224,85,216240,96,193938,64,183370,92,187566,129,214741,147,236088,182,226015,261,225141,241,220383,167,,,,,,,,,,,,,,,,,,,,,,,,,,,,,,,,
418841,뉴발란스 740v2 블랙 실버 메탈릭,36000,U740BM2,2025-01-09,139000,Black/Silver Metallic,0,2025-01-09,1419,158316,1419,158316,315,170295,328,165720,238,155744,178,147888,181,149022,179,146860,183500,4,183444,9,168714,7,174667,3,181600,5,172000,4,191167,6,187875,8,163500,6,152167,6,152600,5,154667,3,139967,30,132952,21,129000,14,129000,8,131667,3,129571,7,156848,33,149600,30,145278,18,144526,19,137625,16,144846,13,168067,30,157219,32,152680,25,151900,20,154312,16,149867,15,166897,39,159886,44,147881,42,149750,20,141667,18,146583,24,187409,44,180500,32,177154,26,157900,20,159111,27,154958,24,176054,37,171133,45,162679,28,149048,21,146158,19,144450,20,184452,31,172976,41,164167,24,143929,28,143156,32,143969,32,179088,34,178023,44,160156,32,145750,20,155259,27,147519,27,158111,27,157000,22,139375,16,141769,13,141538,13,138200,10,,,,,,,,,,,,,,,,,,,,,,,,,,,,,,,,,,,,,,,,,,,,,,,,,,,,,,,,,,,,,,,,,,,,,,,,,,,,,,,,,,,,,,,,,,,,,,,,,,,,,,,,,,,,,,,,,,,,,,,,,,,,,,,,,,,,,,,,,,,,,,,,,,,,,,,,,,,,,,,,,,,,,,,,,,,,,,,,,,,,,177688,32,169735,34,134108,83,148140,129,156848,138,154107,187,172260,173,162153,170,159404,188,163788,184,148693,101,,,,,,,,,,,,,,,,,,,,,,,,,,,,,,
28260,뉴발란스 530 스틸 그레이,121000,MR530KA,2021-01-08,129000,Steel Grey,0,2021-01-06,1401,114581,1401,114581,268,118922,238,117508,153,113745,247,108239,225,114431,270,114093,98750,12,95667,9,93750,8,92800,5,94000,5,93556,9,90750,8,93167,6,93800,5,90385,13,93875,8,90583,12,95083,12,100000,10,95600,5,91111,9,93636,11,93091,11,103091,11,101444,9,95000,4,94500,8,100000,6,97875,8,102000,16,102636,11,101000,8,93929,14,94167,18,95667,12,130400,10,133100,10,110900,10,96900,20,97133,15,105333,24,148867,15,133600,15,113556,9,97136,22,108444,18,116833,18,110688,48,108909,33,106182,22,101261,23,106885,26,107762,42,107057,35,101133,30,105579,19,102174,23,102667,27,102727,33,115045,22,109367,30,110917,12,105083,36,109192,26,105968,31,131538,26,129611,18,141556,9,120105,19,142737,19,144429,14,137450,20,140091,22,133500,10,142550,20,151417,12,145000,20,150833,18,144556,18,130222,18,127500,22,153625,16,148667,21,136067,15,132000,17,125786,14,133077,13,134167,18,136333,15,,,,,,,,,,,,,,,,,,,,,,,,,,,,,,,,,,,,,,,,,,,,,,,,,,,,,,,,,,,,,,,,,,,,,,,,,,,,,,,,,,,,,,,,,,,,,,,,,,,,,,,,,,,,,,,,,,,,,,,,,,,,,,,,,,,,,,,,,,,,,,,,,95250,48,91673,52,94707,58,99261,46,97810,79,108618,89,118052,97,107613,194,103587,167,108599,157,133743,105,141673,104,142000,113,133000,92,,,,,,,,,,,,,,,,,,,,,,,,
343933,뉴발란스 1906A 콘크리트 실버 메탈릭,1594,M1906AG,2024-09-18,208355900,Concrete/Silver Metallic,0,2024-11-09,84,237810,84,237810,11,278182,12,228333,7,223857,16,239812,10,233200,28,230000,,,,,,,,,,,344000,1,,,,,240000,1,284500,2,,,256333,3,,,,,,,255000,3,245000,1,238000,1,,,,,,,,,,,239000,1,,,,,,,,,,,,,299000,1,245000,1,,,,,,,247000,2,,,,,,,249000,1,,,220000,1,,,,,,,,,,,,,,,,,,,201000,1,,,,,,,244000,1,,,,,,,201000,1,,,220000,1,,,,,,,,,,,209000,2,,,,,,,197000,2,219000,1,,,219000,2,,,,,199000,1,,,213000,2,218000,1,195000,1,,,210000,1,219000,1,,,,,206000,2,,,,,,,,,210000,1,,,,,,,,,211000,2,,,218667,3,212000,1,213250,4,289000,1,218000,1,210000,1,,,211000,1,217000,1,288000,1,,,,,,,,,259000,1,299000,1,248000,1,,,,,230000,2,216000,2,,,,,,,,,224500,2,215500,2,,,299000,1,,,257000,1,,,215000,1,329000,1,,,,,275000,1,239000,1,,,299000,1,,,251000,1,,,240000,1,218000,2,289500,2,,,,,,,,,289000,1,240000,1,,,,,258000,1,276000,1,,,344000,1,263000,6,249600,5,239000,1,,,259500,4,234500,2,,,201000,1,222500,2,220000,1,203000,4,214000,4,209800,5,210333,3,210000,1,214300,10,229000,5,273500,2,239833,6,220000,4,257000,3,281000,3,245200,5,289333,3,258000,3
466255,뉴발란스 509 블랙 그레이,29000,U509BG,2025-03-14,139000,Black/Gray,0,2025-03-14,1971,185825,1971,185825,309,188087,358,181765,237,172992,315,190343,357,189518,395,188496,156062,16,151933,15,146364,11,148700,10,149154,13,146867,15,188545,11,176333,9,160250,8,150917,12,157000,13,153467,15,195125,8,183900,10,165286,7,165500,12,165100,10,162400,10,184538,13,179333,15,163900,10,165417,12,159538,13,158733,15,193800,10,180000,20,165067,15,170750,20,158529,17,160476,21,223286,7,205077,13,179333,3,167333,6,165308,13,164278,18,190111,9,197917,12,182333,9,168889,9,170000,4,170632,19,187200,10,200000,10,177500,4,188000,7,215250,4,209222,9,216667,12,200857,21,182588,17,218667,6,215900,10,213733,15,214600,15,207182,11,199250,8,208333,9,225000,7,214273,11,206167,12,200000,9,185111,9,203100,10,193667,12,208824,17,190250,12,187100,20,197111,9,207571,14,188778,18,198632,19,192062,16,183308,13,193545,11,190900,10,193737,19,184000,16,192200,10,190750,16,188389,18,192333,15,200429,21,213526,19,197600,15,194300,10,177800,10,205250,24,205467,15,202583,12,214167,12,204500,14,170750,12,212929,14,206333,6,217545,11,191615,13,194818,11,176875,8,204917,12,209800,15,210929,14,181947,19,180700,20,183143,7,210909,11,230923,13,222929,14,176727,11,173944,18,185000,1,223556,9,225214,14,229000,15,186588,17,180846,13,182333,9,211125,16,224667,9,233100,10,182583,12,177538,13,175300,10,226615,13,231889,18,236250,8,160815,27,155931,29,151105,19,175667,30,175233,43,174875,48,172867,15,162231,26,154562,16,186923,26,182526,38,176656,32,172714,7,146900,10,140167,6,170500,8,161083,12,167083,12,,,,,,,,,,,,,,,,,,,,,,,,,150188,80,163191,68,172246,57,168821,78,169845,103,181283,60,180145,62,196409,44,204926,81,211459,61,200652,69,194315,92,189635,85,197131,99,199116,86,204261,69,200110,73,199952,84,203824,68,201284,74,206243,74,168031,196,174725,153,160382,55,,,,
226053,뉴발란스 1906R 하버 그레이 실버 메탈릭,40000,M1906REH,2024-01-12,179000,Harbor Grey/Silver Metalic,0,2024-01-10,1597,231398,1597,231398,373,252633,377,249952,329,235726,175,201457,173,201578,170,196453,,,166000,1,,,180000,1,169000,1,,,166000,1,,,,,,,,,,,,,166000,3,,,160000,1,168000,1,155500,2,166000,1,166000,3,166500,2,166000,1,168000,3,166000,1,161333,9,164444,9,163500,6,163000,3,165600,5,161750,4,176333,15,176217,23,166778,9,168333,3,173750,4,163333,3,184583,12,181188,16,176385,13,163667,6,175500,4,163500,6,198304,23,189389,18,184714,14,176556,9,177400,5,161000,9,222083,12,218882,17,192214,14,177500,6,176667,9,169000,3,274643,14,265556,18,219875,24,178846,13,179636,11,174167,6,262778,27,262412,17,254391,23,193077,13,186286,7,180056,18,270439,41,267417,36,261484,31,203056,18,198222,9,191111,9,260667,51,261767,43,241073,41,219625,16,215556,18,206167,12,259878,41,267500,34,246455,44,229615,13,238273,11,216050,20,276000,34,282529,34,254828,29,227167,18,222368,19,217923,13,283795,39,288216,37,246393,28,205731,26,214720,25,217727,22,272267,30,274756,41,259091,33,202409,22,198742,31,201333,33,250652,23,250148,27,242667,18,206500,6,201100,10,197556,9,,,,,,,,,,,,,,,,,,,,,,,,,,,,,,,,,,,,,,,,,,,,,,,,,,,,,,,,,,,,,,,,,,,,,,,,,,,,,,,,,,,,,,,,,,,,,,,,,171667,3,166000,1,162429,7,166636,11,163250,36,173491,57,176702,57,185654,78,200639,61,223814,86,232971,105,249861,144,244762,181,248595,163,255286,147,249367,177,238111,190,235645,93,,,,,,,,,,,,,,,,
615791,뉴발란스 1906R 블랙 다크 실버 메탈릭,4312,U1906RNB,2025-09-26,219000,Black/Dark Silver Metalic/Black Cement,0,2025-11-03,372,169234,372,169234,18,180833,42,181143,29,162897,97,162598,98,167133,88,172920,238000,1,,,,,,,234000,1,238000,2,,,194000,2,,,,,,,170000,1,,,,,,,163667,3,196000,1,176000,3,,,166000,1,,,,,,,171000,3,,,204500,2,225000,1,186000,2,168000,2,178667,3,,,189000,1,139000,1,163857,7,144667,6,150917,12,168000,1,150500,2,,,167750,4,164000,4,170800,10,174500,4,181000,2,,,156818,11,154667,9,171714,7,189000,1,181500,4,,,172000,3,159778,9,168625,8,188000,1,194750,4,163571,7,158583,12,154714,14,172182,11,204000,1,185250,4,168000,1,160333,3,166800,10,160000,4,,,189500,2,163800,5,165385,13,181500,10,177500,6,174500,4,207750,4,157250,4,174000,9,180286,7,199667,3,160000,1,167000,4,161000,3,161250,12,178083,12,193000,4,178000,4,166900,10,159429,7,156250,16,169917,12,177636,11,,,,,,,157500,2,172000,1,,,,,,,,,,,,,,,,,,,,,,,,,,,,,,,,,,,,,,,,,,,,,,,,,,,,,,,,,,,,,,,,,,,,,,,,,,,,,,,,,,,,,,,,,,,,,,,,,,,,,,,,,,,,,,,,,,,,,,,,,,,237000,4,186000,3,173571,7,169750,4,187800,10,153852,27,166857,21,163000,33,168720,25,164796,49,169652,23,173000,36,180161,31,170972,36,166500,60,162333,3,,,,,,,,,,,,,,,,,,,,
464209,뉴발란스 992 메이드 인 USA 코어 블랙 그레이,9600,U992BK,2025-03-07,309000,Black/Grey/Silver Metallic,0,2025-03-11,1528,358433,1528,358433,81,335444,98,334418,102,322363,277,377101,430,369202,540,354902,350000,1,,,339000,1,438750,4,465667,9,438182,11,385000,2,381500,6,352000,3,415727,11,430545,11,415783,23,410500,6,387700,10,371167,12,431000,13,439692,26,409390,41,426000,1,409667,3,391600,5,459286,14,443360,25,414622,37,418250,4,411400,5,378500,8,436619,21,424484,31,400086,35,400000,4,397000,6,354200,5,422400,10,401621,29,382448,29,377833,6,381400,5,350600,5,414375,16,390826,23,375357,28,374000,2,365000,1,350750,4,407800,10,382611,18,365833,24,347200,5,342500,6,328200,5,411636,11,372500,20,357895,19,367667,3,335500,2,327667,6,377636,11,369154,13,347478,23,356500,6,326333,3,300000,1,362947,19,366619,21,338053,19,314000,3,304333,6,310000,3,356667,12,360818,11,334455,22,313500,2,311333,3,308400,5,351615,13,358083,12,342571,14,328333,3,295200,5,319500,2,350533,15,343000,12,337562,16,323500,2,300500,4,285000,4,336571,7,341643,14,346778,9,315000,1,306000,2,273600,5,327909,11,344700,10,340250,8,285400,5,288500,2,275500,4,330200,10,327615,13,329846,13,281000,3,287250,4,274000,1,324625,8,324933,15,324267,15,266750,4,278000,3,258000,1,321200,5,312680,25,308240,25,276500,2,284000,4,264800,5,332857,7,324722,18,306000,16,271333,3,285250,4,259000,2,328000,9,310500,14,300800,20,274750,4,292200,5,269667,3,331462,13,309933,15,300526,19,278600,5,291500,2,267000,3,322556,9,320100,10,301222,18,298000,1,292000,1,275333,6,339500,4,317400,10,305500,14,319000,1,285000,4,287000,1,351333,6,314375,16,308913,23,283500,2,299500,2,284000,2,360000,8,319556,9,308263,19,440577,26,410482,56,413093,108,429035,85,414317,104,394157,83,386217,83,377305,59,366818,66,356638,58,354145,69,338684,57,342184,49,337264,53,331225,40,326243,37,318191,47,317413,46,306159,63,309308,52,303615,52,305712,59,304319,47,306972,36,313510,51,317786,42
135624,뉴발란스 530 그레이,33000,MR530CK,2023-08-18,139000,Grey,0,2023-06-18,1608,142286,1608,142286,223,139076,256,137453,162,133759,288,145934,334,144919,345,146357,,,,,,,160000,1,174000,2,,,134000,1,135000,1,,,,,,,,,,,,,149000,1,,,141500,2,127000,1,127000,1,127000,2,127000,1,127000,2,127000,1,127000,1,127000,2,124667,3,126000,1,127000,2,127000,1,127000,2,123000,1,,,124000,1,125500,2,125000,1,126000,2,,,,,,,129000,2,129333,3,129500,2,129000,1,128000,1,128000,1,129000,1,132000,1,131500,4,126000,1,127750,4,126667,3,128833,6,130400,5,129286,7,120250,8,117200,5,119000,7,130417,12,130125,8,130000,7,129846,13,127667,15,129444,9,139278,18,134455,22,139458,24,133773,22,133000,19,135769,13,146864,22,142857,21,144522,23,137429,21,133429,21,131200,10,146900,20,146115,26,138682,22,139500,10,138360,25,128875,16,143500,18,143619,21,155389,18,137769,13,138857,14,134000,6,139067,15,135632,19,148389,18,138353,17,137111,18,132167,12,142708,24,139913,23,141192,26,145167,12,143562,16,138538,13,158833,18,161200,20,159381,21,160000,11,147267,15,144300,10,169562,16,161067,15,163737,19,172750,12,162400,10,147286,7,169250,12,161833,24,164789,19,154000,16,149474,19,148167,6,161118,17,156917,24,156720,25,145500,14,139294,17,140375,8,148235,17,146667,24,149789,19,138625,8,135333,18,134500,8,139450,20,141211,19,147842,19,129833,12,132214,14,131667,12,134588,17,137474,19,140917,24,123688,16,131500,8,129800,10,142400,15,136263,19,138000,20,125636,11,128800,10,123857,7,140100,10,137417,12,135389,18,,,120000,1,,,139000,1,134500,2,132750,4,169333,3,134500,2,139750,4,127000,8,126273,11,125000,7,129286,7,130222,9,128731,26,125468,47,134455,101,139917,120,139900,120,141778,108,139682,85,139333,120,152700,100,158744,86,163976,84,155290,107,145596,99,140239,92,135418,98,134250,88,132706,68,132375,8
23852,뉴발란스 993 메이드 인 USA 그레이 - D 스탠다드,58000,MR993GL,2018-08-21,279000,GREY/WHITE,0,2020-04-23,392,254207,392,254207,,,,,,,96,260458,153,245307,143,259531,,,,,,,,,,,266333,3,,,,,,,,,,,300000,1,,,,,,,,,,,,,,,,,,,,,,,,,,,,,,,300000,1,,,271000,1,,,,,,,,,290000,1,,,,,,,,,,,,,,,,,,,,,,,300000,2,300000,1,,,,,,,,,,,,,,,,,,,,,,,,,,,,,,,,,,,270000,1,,,,,,,,,,,,,,,,,,,,,,,,,,,,,,,,,349000,1,270000,1,,,,,,,,,,,350000,1,,,,,,,,,,,300000,1,,,,,,,,,,,350000,1,,,,,,,,,,,348750,4,,,,,,,265286,7,,,297625,8,,,,,,,252500,14,292500,4,264556,9,,,,,,,256000,14,231119,42,239161,31,,,,,,,258944,18,236636,33,241920,25,,,,,,,253250,12,245400,15,252125,16,,,,,,,262375,8,252636,22,272267,15,,,,,,,276308,13,257261,23,261882,17,,,,,,,259667,9,245100,10,244857,7,266333,3,300000,1,,,,,285500,2,290000,1,,,300000,3,,,,,270000,1,,,,,309500,2,350000,1,300000,1,350000,1,348750,4,282533,15,262444,27,237989,87,243658,76,250093,43,260911,45,263415,53,250077,26
435203,뉴발란스 1906L 블랙 블랙 시멘트,8504,U1906LNT,2025-02-05,239000,Black/Black Cement,0,2025-02-08,369,274152,369,274152,24,238208,27,262741,29,275966,83,271108,103,277942,103,283670,250000,1,,,,,325000,2,357000,1,278600,5,,,,,,,305000,1,320833,6,317200,5,262500,2,278333,3,296750,4,306000,5,307400,5,330000,8,264000,1,295400,5,295500,4,276667,3,309909,11,315600,10,264500,2,261333,6,349000,1,271125,16,291000,10,295800,10,259000,1,256000,1,,,272583,12,272750,4,275727,11,,,257000,1,299000,1,272400,5,268500,4,269800,5,233000,1,,,287200,5,271500,4,272571,7,271250,4,238500,2,259500,2,299000,2,271000,3,278333,3,279250,8,256000,1,280000,1,,,267000,5,274667,3,286200,5,239000,1,285000,1,,,282000,2,282000,5,289000,1,235000,1,,,299000,1,290000,1,,,291500,2,246000,2,250000,1,250000,1,277000,2,266500,6,273800,5,251000,3,270000,1,261250,4,277500,2,265667,6,278000,3,,,,,230000,1,265667,3,265750,4,286667,3,190000,1,,,,,246500,2,262667,6,268500,4,,,200000,1,,,247500,2,250000,4,250000,1,190000,1,199500,2,,,245000,2,243000,1,,,,,,,230000,1,256500,2,255600,5,,,223000,1,234000,1,,,271000,3,289000,1,,,,,264000,1,,,235000,1,,,265000,1,,,,,,,,,257000,3,246333,3,206500,2,,,,,251000,1,239600,5,244250,4,189000,1,,,,,238500,2,,,,,,,,,223500,2,,,211000,1,225250,4,,,,,225500,2,227500,2,263000,2,212000,1,294444,9,318000,12,305704,27,303471,34,281156,45,272759,29,271312,16,273714,21,273800,20,275067,15,278700,10,281400,5,265529,17,265842,19,268182,11,256385,13,243125,8,220333,6,252625,8,259833,6,254667,3,251667,6,236583,12,222000,3,222714,7,234857,7
23928,뉴발란스 530 화이트,91000,MR530SG,2019-12-02,119000,White/Silver/Blue,0,2020-04-20,459,103505,459,103505,134,104269,90,107578,55,100891,59,103576,54,103000,67,99000,,,127500,2,,,111667,3,,,,,,,,,,,,,,,118000,1,,,151000,1,,,,,,,,,,,,,,,117000,2,115000,1,,,130000,1,160000,2,100000,2,109000,3,105000,1,105600,5,142000,2,134333,3,100000,4,109000,1,107667,3,102333,3,132000,12,121333,9,120333,3,110500,2,110250,4,109000,3,118500,4,130833,6,124333,3,112333,3,99000,1,99750,4,103167,6,126000,2,105000,1,104600,5,102500,2,97600,5,110500,2,106000,4,112500,2,108000,3,106800,5,102000,2,99889,18,107333,3,104000,3,108250,4,122000,2,115000,1,109333,6,99500,6,95500,2,110000,1,122000,2,110000,6,115750,4,109714,7,99500,2,108833,6,103333,3,108500,2,102818,11,106333,3,,,99667,3,98000,4,96200,5,100000,6,96167,6,95000,1,101500,4,101500,2,100000,1,95250,4,98000,2,96000,1,85000,1,105000,1,82000,3,98571,7,101167,6,101000,3,92000,2,105000,1,106000,1,100857,14,96750,4,98250,8,99000,1,109000,1,98667,6,98933,15,98875,8,97444,9,101250,4,97800,5,96000,2,100250,4,96500,4,96333,3,95667,3,97250,4,94500,4,94000,7,,,93600,5,,,98000,2,,,90000,3,87750,4,83000,1,96000,2,97667,3,90000,3,97000,1,88000,4,89000,1,89000,3,95000,2,87500,2,88500,4,,,97000,1,94500,2,98500,2,89500,2,90000,2,85000,1,,,,,92500,2,90667,3,85000,1,87333,3,,,92000,1,89000,1,93000,3,118000,5,118000,1,151000,1,116333,3,115000,14,114125,16,122000,33,117476,21,104381,21,107333,18,104000,31,106870,23,108750,24,100846,26,99050,20,92417,12,99750,20,99559,34,98558,43,96818,22,94429,14,91188,16,90000,13,92364,11,90250,8,89667,9
102871,뉴발란스 2002R 프리미엄 빈티지 그레이,29000,M2002RNM,2023-02-27,189000,Grey,0,2023-02-25,1262,192770,1262,192770,91,183440,123,184715,95,186337,242,199818,324,196049,387,191951,159000,1,173000,6,166000,2,164667,3,159800,5,166000,9,157167,6,176500,8,172800,5,173167,12,165111,9,165000,14,175167,6,166667,9,173333,3,166091,11,167600,15,168083,12,160000,1,169700,10,180167,6,176154,13,171286,14,171125,24,177083,12,174167,6,177700,10,184833,18,179476,21,172957,23,185714,7,179400,10,188250,4,206375,8,184789,19,179500,26,184400,5,181500,6,197500,4,206900,10,202667,24,195353,17,191125,8,184800,10,193500,6,215818,11,215000,9,199500,12,215000,3,192500,4,197429,7,214111,9,209923,13,190526,19,,,195889,9,189714,7,206615,13,204125,16,192529,17,191714,7,217500,4,196500,2,208333,6,207000,13,206385,13,196000,4,220000,3,197500,2,229364,11,209933,15,228273,11,197500,2,,,188500,6,214900,10,201312,16,204278,18,186000,3,188200,5,186667,3,199889,18,201500,14,197000,14,191250,4,186750,4,181250,4,198667,12,194059,17,197786,28,194000,2,200000,6,188500,6,193556,9,198143,14,201357,14,195000,2,187000,1,188000,1,188100,10,193000,11,195227,22,141000,1,184250,4,183000,2,202333,12,192923,13,189909,11,181500,2,183667,3,,,213000,4,197714,14,192737,19,,,190000,2,179000,3,210167,6,209636,11,207222,9,179500,2,171500,2,183000,2,208800,5,208875,8,203615,13,180000,1,189000,3,184000,1,211143,7,217667,6,214400,10,184333,3,196750,4,182000,1,216833,6,216200,5,211000,2,181500,4,197000,1,186000,3,214250,4,211333,6,199333,12,160000,1,218000,1,193667,3,210800,5,205714,7,201700,10,188750,4,189500,2,208500,2,203444,9,202556,9,198125,8,166000,26,168389,54,168375,56,172544,68,178011,90,184811,74,197803,66,200732,56,201327,55,198645,62,205089,45,217870,46,203327,52,197123,57,195043,69,197137,51,192851,47,192302,43,195143,42,204806,31,200938,32,209250,28,206000,21,199933,30,202593,27,199706,34
257712,뉴발란스 x 포터리 574 프리미엄 하드 네이비,24000,U574BG2,2024-03-15,149000,Hard Navy,0,2024-03-12,1395,154783,1395,154783,118,139814,152,141737,105,137562,272,156812,344,161262,404,161656,140600,5,140571,7,137500,2,152182,22,156429,28,155088,34,139833,6,141778,9,140111,9,154179,39,160640,50,158271,48,143556,9,146875,16,141714,14,160185,27,165306,36,168610,41,139895,19,145842,19,141167,18,163926,27,168742,31,166683,41,143067,15,142882,17,136625,8,160867,30,160964,28,161257,35,132500,12,135000,10,134533,15,153333,24,157069,29,157548,31,136091,11,131833,12,138714,7,154471,17,160042,24,162000,27,138875,8,137357,14,136200,5,150917,12,163000,26,162125,24,136125,8,141200,10,132250,4,155400,10,159083,24,162500,22,137500,6,141667,9,131000,4,159625,8,162812,16,162550,20,140750,4,140500,6,128500,4,164444,9,152222,9,161632,19,150750,4,139800,5,134833,6,153571,7,160500,12,160667,12,141500,4,146667,6,138000,3,165900,10,165625,8,169286,14,144333,3,156200,5,138000,4,152333,15,162750,12,162000,19,145750,4,141286,7,139000,2,151571,14,158364,11,154471,17,,,,,,,146000,1,,,,,,,,,,,,,,,,,,,,,,,,,,,,,,,,,,,,,,,,,,,,,,,,,,,,,,,,,,,,,,,,,,,,,,,,,,,,,,,,,,,,,,,,,,,,,,,,,,,,,,,,,,,,,,,,,,,,,,,,,,,,,152684,98,155391,161,159545,143,157813,155,155226,133,149397,121,151949,98,153427,89,153551,78,154873,63,153745,51,153043,46,160311,45,156586,58,151636,55,146000,1,,,,,,,,,,,,,,,,,,,,
557656,뉴발란스 204L 팀버울프 리넨,11000,U204LMMC,2025-08-13,159000,Timberwolf/Linen,0,2025-08-13,1499,163900,1499,163900,392,161569,440,167182,328,163040,101,166238,121,163017,117,160675,199000,7,223125,8,222250,4,200333,3,199200,5,210500,4,204667,12,224444,9,208786,14,192000,1,,,209000,1,188889,18,191444,18,181941,17,189000,4,189000,5,187667,3,176941,17,176955,22,177579,19,185167,6,188500,2,182000,3,176875,24,185652,23,174158,19,204833,6,205000,6,187417,12,187200,20,176485,33,176880,25,212800,10,224800,5,214000,2,169957,23,173700,30,170647,17,220667,3,198333,6,180333,3,169200,30,167760,25,169833,18,216500,2,183800,5,169500,6,164200,20,165500,20,161053,19,210667,3,180000,7,176500,6,173333,15,179000,19,166154,13,203500,2,179600,5,179571,7,175000,12,194750,4,167769,13,207333,3,185500,2,174200,5,172615,13,177118,17,162625,8,167889,9,158800,5,164250,4,164059,17,166143,21,158600,10,155667,3,156167,6,166600,5,153750,20,154731,26,154294,17,154000,5,163833,6,152600,5,145900,10,149789,19,152889,9,152000,4,150800,5,148000,4,140462,13,151375,16,147100,10,145667,3,151400,5,146000,5,144333,12,161000,14,147091,11,130000,1,144333,3,149667,3,149067,15,170067,15,152000,7,136750,4,155500,4,176000,2,139769,13,148824,17,147545,11,127000,1,138167,6,176500,2,135091,11,135923,13,145000,11,133500,4,136000,2,161750,4,126875,8,137417,12,141000,7,126250,4,133667,3,145333,3,123429,7,135000,12,131545,11,122833,6,126000,4,131333,6,134188,16,156333,9,134091,11,123500,2,126750,8,115333,6,134647,17,142267,15,136900,10,113571,7,123000,5,116000,6,133929,14,159500,12,148583,12,119500,2,131875,8,123200,5,158250,8,164545,11,158000,5,121000,3,148333,3,122600,5,209871,31,210811,37,187738,65,178391,69,183689,90,186000,95,175780,82,170884,86,168067,75,175787,61,177538,39,169964,56,162919,62,154899,79,149706,51,146981,52,150364,44,156851,47,145580,50,140022,45,134946,37,129565,46,134269,52,131633,60,141170,53,151057,35
771694,뉴발란스 2010 앱졸브 블랙 팬텀,1148,U2010ACB,2026-01-29,219000,Black/Phantom,0,2026-01-29,81,243481,81,243481,5,245400,4,219750,1,230000,27,242741,23,247609,21,244619,246333,3,216333,3,230000,1,238923,13,248000,16,246500,16,244000,2,,,,,220571,7,254333,3,238250,4,,,230000,1,,,272000,7,241000,4,240000,1,,,,,,,,,,,,,,,,,,,,,,,,,,,,,,,,,,,,,,,,,,,,,,,,,,,,,,,,,,,,,,,,,,,,,,,,,,,,,,,,,,,,,,,,,,,,,,,,,,,,,,,,,,,,,,,,,,,,,,,,,,,,,,,,,,,,,,,,,,,,,,,,,,,,,,,,,,,,,,,,,,,,,,,,,,,,,,,,,,,,,,,,,,,,,,,,,,,,,,,,,,,,,,,,,,,,,,,,,,,,,,,,,,,,,,,,,,,,,,,,,,,,,,,,,,,,,,,,,,,,,,,,,,,,,,,,,,,,,243000,52,234250,16,256769,13,,,,,,,,,,,,,,,,,,,,,,,,,,,,,,,,,,,,,,,,,,,,,,
437626,뉴발란스 미니머스 MT10O 블랙 캐슬락,13000,MT10OAC,2025-02-19,159000,Black/Castlerock,0,2025-03-03,520,188815,520,188815,111,167225,115,178687,99,178586,51,203608,61,213984,83,216337,,,,,,,,,,,234500,2,,,242000,2,,,,,,,213000,1,,,,,,,,,290000,1,210000,1,,,249000,1,,,200000,1,,,279000,1,,,,,249000,2,,,,,,,169000,3,174250,4,189333,3,175000,1,191000,5,176500,2,174333,3,160333,6,159167,6,181200,5,180250,4,170167,6,160833,6,160800,5,162800,5,179000,2,172500,2,172400,5,155286,7,162000,4,151000,3,166600,5,170000,2,176333,3,153111,9,156222,9,159091,11,170500,6,179400,5,186692,13,150800,5,154900,10,150250,4,175667,3,191750,4,200875,8,156000,6,163200,5,154500,8,183600,5,196750,4,214000,3,155750,4,174857,7,161000,5,243667,3,220500,4,222000,3,155400,10,178667,3,170000,5,,,223500,4,230429,7,158600,10,178000,5,167667,6,295000,1,219000,4,240500,6,161500,4,166571,7,172556,9,220000,1,269000,2,269000,1,170625,8,185000,2,173750,4,200000,1,226000,1,268000,1,174333,6,176800,5,184500,6,221333,3,222000,3,261000,4,174000,4,183000,4,196000,4,226000,4,,,251000,3,178500,2,179800,5,214600,5,235000,1,258000,4,261667,3,186000,3,193364,11,,,235000,1,290000,1,250000,1,179250,4,204714,7,259500,2,258000,3,226667,3,260000,1,189800,5,222000,4,230000,1,245000,1,226000,2,267250,4,191500,4,208000,3,248500,2,260000,2,290000,1,230000,2,196167,6,193500,2,205667,3,210500,2,228000,3,232000,2,186000,2,193500,4,213800,5,,,220500,2,,,234500,2,232333,3,250000,2,242667,3,249000,2,180833,18,169600,30,165920,25,162083,24,167566,53,170735,34,172097,31,189654,26,187828,29,190500,32,183000,24,183765,17,200407,27,203632,19,219050,20,203529,17,219150,20,225471,17,225500,14,208333,18,204308,13
464206,뉴발란스 992 메이드 인 USA 코어 블랙,5454,U992TB,2025-03-07,200288700,Black,0,2025-03-14,647,338419,647,338419,37,323243,50,311480,37,321162,167,334383,147,350265,209,345498,351000,3,,,355000,1,373000,7,405750,8,381556,9,330000,3,344000,1,336000,3,355417,12,371111,9,368429,14,329167,6,335333,6,335500,4,351929,14,392833,6,380421,19,340000,4,317714,7,332286,7,353091,11,374625,8,378400,15,319333,3,310500,2,341333,3,345714,14,363400,10,358412,17,335000,2,309000,3,306500,2,344375,8,368900,10,356071,14,328000,1,310000,1,325667,3,336083,12,364600,10,340385,13,334000,1,,,320000,1,342750,4,362333,9,338400,10,,,304250,4,300000,1,337000,9,348273,11,333091,11,322000,1,302500,2,315000,1,321500,10,346500,2,330714,7,320000,1,291333,3,339000,1,331250,4,331333,3,329800,5,,,304400,5,340000,1,330000,3,330000,3,332455,11,315000,1,310000,1,343000,1,319818,11,329000,5,332500,4,312000,2,,,262000,1,322250,4,325429,7,328200,10,325000,1,,,,,320500,2,329750,8,328667,3,,,306667,3,290000,1,324500,4,368000,2,306250,4,,,319000,2,290000,1,334667,3,322143,7,327000,1,306000,1,,,289000,1,317250,4,337000,2,319500,6,,,280000,1,280000,1,310000,7,311500,2,315500,6,299000,1,300000,1,280000,1,296000,3,325000,2,318750,4,317000,1,304000,1,295000,1,315667,3,323500,6,312250,4,,,294333,3,,,309667,3,305000,3,318400,5,,,,,,,302500,8,321500,2,325800,5,292000,3,315000,1,,,335000,1,303833,6,319000,2,290000,1,324000,2,,,305500,2,327000,3,320500,6,298000,1,320000,1,295000,1,318500,4,336333,3,318750,4,382107,28,359643,42,360745,55,355135,52,350408,49,349718,39,342975,40,346800,25,334583,36,324565,23,323588,17,326043,23,324391,23,322292,24,327857,14,319214,14,322429,14,318214,14,308588,17,307667,12,315812,16,308500,14,312800,15,306692,13,318071,14,319357,14
461430,뉴발란스 1906L 블랙,5814,U1906LBN,2025-03-19,239000,Black,0,2025-03-30,533,233023,533,233023,40,202025,40,211875,52,212096,114,238711,155,237748,132,246606,281000,1,220000,1,240000,2,271667,3,268000,4,304250,4,207750,4,210000,1,233000,4,259111,9,265571,7,272222,9,240000,1,259000,2,256333,3,265727,11,265000,12,263417,12,209667,3,204800,5,231000,4,253286,7,261333,9,258222,9,176750,4,230000,3,196750,4,246000,5,250714,14,268125,8,185500,6,201000,4,180286,7,239375,8,228429,7,,,201400,5,222000,1,177000,2,244167,6,233500,10,259222,9,198000,2,212000,3,192500,2,257333,3,248182,11,264000,1,182000,1,206333,3,210000,3,248500,2,240600,5,244750,4,194000,1,182250,4,,,248400,5,240600,5,231000,7,178000,2,163500,2,209000,1,261000,1,248667,3,227143,7,,,185000,1,195000,1,245500,2,248750,4,278750,4,163500,2,224500,2,,,240500,4,,,251625,8,203500,4,,,,,264333,3,278000,3,248500,2,,,,,193000,1,259750,4,278250,4,255000,3,241000,2,,,,,270000,1,255500,2,257500,4,,,,,219000,1,220000,1,240000,3,237200,5,,,200000,1,193000,2,234000,5,219400,5,213667,3,,,204000,1,202667,3,224000,1,221667,6,206750,4,,,199000,1,216667,3,215000,3,239000,3,204000,4,,,248000,1,210667,3,215000,3,197750,4,219333,3,,,,,217500,2,221500,2,209222,9,233833,6,260000,1,,,239000,1,205667,6,191200,5,237000,2,,,,,,,203400,5,191111,9,220000,5,262000,1,240000,1,,,202500,6,203250,4,208800,5,,,250333,3,246667,3,202500,8,226000,7,225750,4,272333,15,253353,34,263195,41,243946,37,238658,38,209156,32,233818,33,235591,22,228333,18,226591,22,218062,16,248417,12,234438,16,244833,12,259167,12,254778,9,234500,10,218375,16,212867,15,216214,14,212429,14,219158,19,210867,15,201947,19,210235,17,223840,25
65216,뉴발란스 574 레거시 네이비,77000,U574LGBB,2022-05-05,149000,Navy,0,2022-06-10,3098,259482,3098,259482,342,382953,438,348356,374,333107,628,202777,646,204015,670,203890,,,,,,,,,154000,4,137000,4,,,,,,,129000,2,,,147500,4,119000,2,,,,,,,,,,,,,,,,,,,,,120000,2,,,,,,,,,,,,,,,,,129000,2,,,110000,2,,,,,,,,,125000,2,,,123500,4,,,135000,2,,,119000,2,120000,2,,,140000,6,120333,6,,,128500,4,140000,2,115000,4,226500,24,233800,60,241333,18,175263,38,186000,14,174368,38,354429,14,307214,56,352556,18,197533,60,208733,30,197160,50,331867,30,308087,46,312368,38,186185,54,183750,48,174244,90,361741,54,333086,70,307350,40,190440,50,188903,62,188370,54,392650,40,398958,48,338333,30,215389,36,223280,50,216273,44,408500,44,398467,30,355231,52,239870,46,220400,50,220963,54,394308,26,391667,24,319773,44,241875,32,227167,48,230462,52,392588,34,394111,36,314923,52,226160,50,220385,52,233423,52,447125,16,463500,20,350000,40,214581,62,221618,68,233600,40,483375,16,484750,8,404750,16,212407,54,227217,46,236778,36,489000,18,465667,6,412000,10,195400,60,197647,68,201640,50,507600,10,466909,22,419800,10,174476,42,173074,54,198406,64,494750,8,490500,4,402000,4,186294,34,177913,46,204214,28,,,,,,,,,,,,,,,,,,,,,,,,,,,,,,,,,,,,,,,,,,,,,,,,,145500,8,141333,6,119000,2,120000,2,,,119500,4,124000,6,124667,6,128000,22,206760,192,247737,228,230569,306,262273,330,296129,248,298500,276,284735,226,285572,276,277000,246,275761,176,240387,212,242168,202,223903,124,,,,,,,,
343934,뉴발란스 1906A Black,1055,M1906AF,2024-09-18,208355900,Black,0,2024-11-14,82,224256,82,224256,10,224500,8,234875,10,238600,10,236900,22,223591,22,208682,,,260000,1,,,,,245000,2,,,,,,,,,233500,2,240000,1,,,210000,1,,,253000,1,,,239000,1,,,,,,,255000,1,,,221000,2,256500,2,,,234000,1,237000,1,,,225000,1,,,224000,1,,,241000,1,259000,1,,,,,232000,2,,,,,249000,1,,,204000,1,,,215000,2,,,,,,,205000,1,,,,,219000,1,218000,1,208000,1,220500,2,,,,,,,,,,,220000,1,,,,,,,,,203000,1,204000,1,199000,1,210000,1,203000,1,,,218500,2,198000,1,230000,1,,,,,,,210000,1,207000,1,,,,,230500,2,,,215000,2,200250,4,,,,,,,239000,1,210000,1,206500,2,229000,1,,,,,230000,1,216000,1,,,229000,1,249000,1,259000,1,230000,1,217000,1,,,,,,,,,,,,,,,230000,1,,,258000,1,,,215000,1,,,,,247000,1,,,234000,1,185000,1,206000,1,230000,1,,,,,243000,1,266000,1,180500,2,,,249000,1,,,,,266000,1,206000,1,,,,,,,,,,,206000,1,,,,,,,,,,,,,,,,,,,,,,,206000,1,,,,,,,,,220000,1,,,250000,3,235667,3,234000,3,242000,5,232000,3,241333,3,229250,4,211667,3,217200,5,220000,1,203500,2,207833,6,215667,3,211500,8,215500,4,225000,3,236800,5,,,234333,3,218000,4,220000,5,240333,3,206000,1,,,206000,1,220000,1
186600,뉴발란스 1906R 블랙 실버 메탈릭,35000,M1906RCH,2023-08-29,179000,Black/Silver Metallic,0,2023-10-18,1387,170559,1387,170559,224,178906,232,180470,176,171653,223,166578,249,166181,283,162138,170333,3,164000,1,176500,2,178500,2,179333,3,,,157222,9,167800,10,163222,9,160625,8,163857,7,162556,9,161556,9,170750,12,165429,7,163444,9,158444,9,162769,13,169286,7,164571,7,154750,4,164333,6,157556,9,162083,12,172500,10,165375,8,162200,5,164500,6,165364,11,162889,9,166000,5,171778,9,164750,8,167375,8,163333,3,158900,10,170833,6,175125,8,176600,5,171875,8,178333,6,170167,6,168429,7,167091,11,166714,7,166111,9,167429,7,158308,13,160333,3,166571,7,164500,4,155333,6,157000,10,157400,10,156778,9,157800,5,153429,7,154333,12,158714,7,157286,7,151000,3,161700,10,157000,4,158500,10,154857,7,154900,10,161778,9,158867,15,155222,9,150444,9,156000,3,151500,8,164800,5,167889,9,157667,3,158750,4,156000,12,155000,7,165000,11,161500,8,160625,8,151714,7,151182,11,151727,11,168222,9,164857,7,161000,8,148571,7,152286,7,151571,7,166167,6,165444,9,164500,8,160400,5,157800,10,147000,7,171889,9,164167,12,165100,10,158167,6,157125,8,154636,11,178455,11,181091,11,169000,7,160667,6,164545,11,161750,12,190643,14,203625,8,181667,12,159214,14,172200,10,157500,12,184625,8,197600,10,175111,9,163158,19,168688,16,161300,20,204250,8,216556,9,184700,10,180467,15,179615,26,166556,18,200188,16,219300,10,199500,4,184750,8,177167,12,176312,16,199067,15,208917,12,207429,7,179750,8,176909,11,173875,8,185000,14,201500,14,184375,8,181857,14,169733,15,167733,15,202429,14,237167,6,199667,6,183333,12,171250,12,170444,18,224250,4,214250,4,190800,5,195800,5,176000,6,171071,14,174818,11,162635,52,163966,59,162333,45,165939,49,165395,43,173718,39,164981,54,159525,40,156128,47,157182,44,156038,53,160000,40,156893,56,158289,45,160244,45,162054,56,169879,58,175986,70,171390,82,183779,86,191197,66,192131,61,181175,80,187912,68,187842,38
496016,뉴발란스 740 블랙 시멘트 블랙 - D 스탠다드,4888,U740BO2,,139000,Black Cement/Black,0,2025-04-22,267,122139,267,122139,60,115733,44,119114,32,116719,48,120083,46,129043,37,134892,121750,4,122000,2,,,,,121000,1,,,,,121000,2,,,119000,1,121000,2,121000,2,119500,2,118000,1,130500,2,120000,1,121000,2,121000,1,139000,1,120000,2,,,131500,2,,,121000,1,120000,1,,,127000,1,,,,,128000,1,,,,,,,131000,1,130000,1,,,134000,1,,,,,125500,2,130000,3,132000,1,129000,2,127000,3,126333,3,129000,2,124750,4,,,134000,1,118000,1,113000,1,,,,,129000,2,,,121333,3,122000,2,128000,2,132500,2,124000,3,,,122000,1,124500,2,123000,1,140000,1,,,136000,1,131000,1,,,130000,3,149000,1,,,133000,1,125000,2,,,124000,1,,,120000,1,120000,1,,,,,124000,1,,,130000,2,122000,1,,,121000,1,123000,1,138000,1,131000,1,120000,4,120000,1,,,122000,1,126250,4,133500,2,119000,2,118667,3,119000,1,118000,2,127333,3,139000,1,118000,1,,,117000,1,111333,3,117250,4,129000,1,115500,2,107333,3,112000,2,108333,3,124667,3,137000,1,109500,4,112000,3,116000,1,116000,2,,,127000,2,104333,3,115400,5,112333,3,116000,3,125200,5,128000,4,107333,6,117500,2,105000,1,115000,4,134000,3,134500,2,102000,6,115667,3,110000,4,115333,6,128500,2,148500,2,111286,7,115500,2,112333,6,113500,2,156000,2,156000,4,112600,5,123333,3,109000,1,126500,4,149000,1,163000,2,126500,4,137000,1,,,,,144000,1,152000,1,121714,7,120714,7,122333,9,127167,6,125000,3,130500,2,129571,7,126786,14,124600,5,125083,12,126800,5,134333,6,125400,5,126000,4,127000,5,124500,12,122500,12,116700,10,115214,14,114667,12,117957,23,117500,18,115000,23,123783,23,126438,16,134143,7
385699,뉴발란스 1906R 피스타치오 버터 모렐,14000,M1906RNP,2024-11-14,219000,Pistachio Butter/Morel/Black,0,2024-11-15,314,228178,314,228178,36,225583,33,240182,19,248105,84,221786,62,227677,80,226762,,,199000,1,,,199000,1,224000,1,179000,1,,,,,,,189000,1,185000,2,,,,,,,,,218000,1,199500,2,,,,,,,,,,,204000,2,214000,2,,,,,185000,1,,,200000,1,200000,2,,,,,180000,1,200000,1,,,,,,,,,,,199333,3,,,,,179000,1,,,,,,,200500,2,203500,4,,,,,,,197500,2,180000,1,197000,1,183500,2,,,,,,,184000,2,195000,1,,,186000,2,,,,,182000,1,190000,1,180667,3,209500,4,226000,2,181667,3,222000,1,187000,4,198333,3,224000,6,,,191600,5,194500,2,199800,5,238000,1,228500,2,,,202250,4,211500,6,226833,6,239000,1,229333,3,240500,2,201250,8,208667,3,221000,5,212800,5,220000,1,239000,3,206625,8,233714,7,221200,5,229000,3,220000,1,,,206800,5,234000,1,223000,6,226200,5,222200,5,243500,2,216333,6,231400,5,247750,4,251200,5,294500,2,,,222500,8,242000,2,234667,6,262600,5,340000,1,267333,3,241500,6,252000,4,238000,2,255000,2,221000,1,,,254714,7,239600,5,240600,5,,,319500,2,283000,3,268667,3,261200,5,241857,7,,,,,261000,1,241750,4,250000,1,259000,3,,,329000,1,300000,1,279333,3,264333,3,251400,5,,,359000,1,,,246500,2,300000,1,250000,2,,,,,,,269333,3,256000,2,258667,3,200250,4,186333,3,205667,3,209000,4,196250,4,190000,2,199333,3,199143,7,193000,4,186000,5,186000,4,196882,17,204048,21,217579,19,215864,22,220552,29,219562,16,228704,27,239870,23,256571,21,245750,20,264650,20,250556,9,270538,13,275333,6,262000,8
89436,뉴발란스 530 클래식 블랙,16000,MR530CC,2022-12-16,139000,Black,0,2022-12-16,703,140660,703,140660,124,139895,120,139250,92,138783,119,142807,113,142903,135,140126,128250,8,127429,7,131500,2,137375,8,128857,7,136143,7,128714,7,135250,4,122667,3,136857,7,137000,4,129400,5,129125,8,132750,8,126000,9,133857,7,145000,6,130077,13,124333,3,127571,7,126750,4,127889,9,130714,7,129857,7,114444,9,121167,6,122400,5,121300,10,118571,7,122400,10,112167,6,117000,7,119500,4,117333,9,114444,9,121833,6,122714,14,114571,7,134615,13,120923,13,123727,11,120333,9,138571,7,122471,17,152000,3,123714,14,122182,11,120833,12,139125,8,132000,4,142400,5,143143,7,140125,8,125400,10,150429,7,142200,10,147667,3,152714,7,148833,6,132214,14,169000,6,163000,3,149500,4,161333,3,154125,8,153500,6,176400,5,160286,7,150000,1,179333,3,183800,5,154800,5,175000,1,176000,5,161500,4,201500,2,,,162667,3,168286,7,215667,3,209000,1,200000,1,176667,3,165000,1,173333,3,245000,1,,,,,197500,2,203500,4,150000,1,200000,2,194000,1,213000,2,155000,1,180000,1,159500,2,,,185250,4,219333,3,196500,2,202667,3,155500,4,151667,3,149333,3,212000,1,209000,1,160000,1,153500,2,149000,3,132600,5,,,214000,1,,,150000,2,143000,5,131000,5,191333,3,215000,1,149000,1,143000,3,140000,2,130667,3,,,202000,2,165800,5,143333,3,141667,3,137400,5,229500,2,,,164400,5,141250,4,139000,1,129000,1,200000,1,218000,1,183500,2,,,140000,1,139000,1,,,,,,,141000,2,139333,3,125000,1,183500,2,152600,5,186667,3,142000,2,140000,1,134500,2,136800,5,137200,5,143500,2,131667,39,132100,30,131902,51,128324,37,119915,47,116756,41,123672,67,125531,64,136429,42,143213,47,157967,30,168654,26,172800,15,183062,16,197400,10,188125,8,194214,14,162000,13,148273,11,153412,17,155600,15,156833,18,161800,10,139500,2,157188,16,138235,17
65217,뉴발란스 574 레거시 블랙,32000,U574LGG1,2023-05-05,149000,Black,0,2022-06-11,59,129898,59,129898,2,139000,1,124000,2,132000,20,129450,6,141000,28,127250,,,,,129000,1,139000,2,,,150500,2,,,,,,,142667,3,150000,1,134000,1,,,,,,,126000,3,,,133000,1,139000,1,,,,,145000,1,130000,1,134250,4,139000,1,,,,,129000,2,149000,2,128000,2,,,,,135000,1,124500,2,,,127000,2,,,124000,1,,,127250,4,134000,2,118444,9,,,,,,,114667,3,,,126000,7,,,,,,,,,,,,,,,,,,,,,,,,,,,,,,,,,,,,,,,,,,,,,,,,,,,,,,,,,,,,,,,,,,,,,,,,,,,,,,,,,,,,,,,,,,,,,,,,,,,,,,,,,,,,,,,,,,,,,,,,,,,,,,,,,,,,,,,,,,,,,,,,,,,,,,,,,,,,,,,,,,,,,,,,,,,,,,,,,,,,,,,,,,,,,,,,,,,,,,,,,,,,,,,,,,,,,,,,,141600,5,142400,5,127750,4,135857,7,135857,7,127600,5,122938,16,122600,10,,,,,,,,,,,,,,,,,,,,,,,,,,,,,,,,,,,,
102872,뉴발란스 2002R 프리미엄 빈티지 블랙,21000,M2002RNC,2023-02-27,189000,Black,0,2023-02-25,1434,181893,1434,181893,150,164433,127,175260,119,171050,292,189445,341,188393,405,182706,178000,5,169333,3,178111,9,175900,10,175059,17,174524,21,178500,10,176800,5,176250,4,177500,18,176632,19,177250,24,166333,9,173750,8,176500,8,175625,16,173130,23,172036,28,166250,12,174412,17,176538,13,171385,26,172000,25,171333,27,163812,16,173500,10,179500,6,178258,31,176308,26,174900,30,166357,14,175500,12,175778,9,198682,22,189160,25,183871,31,171556,9,179167,6,170500,6,203571,14,198118,17,189704,27,168556,9,173000,10,171000,7,199000,14,192773,22,196667,21,169714,7,178714,7,169000,4,195867,15,189174,23,193545,22,167700,10,181000,5,167333,6,197846,13,197500,18,183609,23,170600,10,178429,7,168700,10,201647,17,199188,16,181040,25,173000,3,189750,4,169333,3,206333,9,207929,14,189692,13,165333,3,187000,5,178000,4,202889,9,200714,14,188765,17,158250,4,183000,3,168333,3,190600,5,208875,8,189500,12,147333,3,182000,2,168000,1,191167,6,196556,9,187857,14,147750,4,,,166500,4,192083,12,194200,10,183800,5,149250,4,176500,2,163000,1,182625,8,188545,11,180333,9,130600,5,172500,2,159000,3,187714,7,185700,10,178750,8,145000,2,162000,1,149667,3,186750,8,192167,6,179923,13,154000,1,153000,3,155333,3,200429,7,192625,8,189200,10,,,141667,3,,,207400,5,196500,2,186400,5,154000,1,171500,2,162000,1,216000,2,194714,7,191200,5,159500,2,174000,3,165500,2,200000,1,198250,4,189333,3,161000,2,184000,1,166000,1,197250,4,198500,4,186286,7,149200,5,175000,5,161000,6,182875,8,180000,1,183667,3,,,185000,1,177500,2,189200,5,181000,2,167500,2,175400,65,177238,80,172913,92,171975,120,174706,119,184221,113,189646,79,187964,83,187974,78,185813,75,185682,85,196087,46,192077,52,188143,35,186286,35,183514,35,179171,35,173600,35,178394,33,184844,32,185800,15,189444,18,182200,15,187316,19,170750,28,181917,12
23523,뉴발란스 992 메이드 인 USA 그레이 - D 스탠다드,43000,M992GR,2020-04-13,259000,GREY,0,2020-02-20,109,318183,109,318183,5,313600,7,301857,10,308300,36,317167,25,325120,26,322000,,,300000,1,,,,,,,,,,,,,,,,,,,,,,,,,,,,,,,,,,,,,,,,,300000,1,,,,,,,399000,1,369000,2,345000,2,370000,1,,,308000,1,311333,3,322778,9,332500,2,357000,2,349000,1,314000,2,,,315300,10,342000,6,338333,3,304750,4,292333,3,291667,6,308133,15,315231,13,313650,20,,,,,,,,,323000,1,,,,,,,,,,,,,,,,,,,,,,,,,,,,,,,,,,,,,,,,,,,,,,,,,,,,,,,,,,,,,,,,,,,,,,,,,,,,,,,,,,,,,,,,,,,,,,,,,,,,,,,,,,,,,,,,,,,,,,,,,,,,,,,,,,,,,,,,,,,,,,,,,,,,,,,,,,,,,,,,,,,,,,,,,,,,,,,,,,,,,,,,,,,,,,,,,,,,,,,,,,,,,,,300000,1,,,,,300000,1,366167,6,325059,17,327136,22,308836,61,323000,1,,,,,,,,,,,,,,,,,,,,,,,,,,,,,,,,,,
775768,뉴발란스 로버 SD2510 블랙,294,SD2510BK,2026-01-30,139000,Black,0,2026-01-31,92,165065,92,165065,,,57,170614,,,26,158846,,,9,147889,,,172464,28,,,151818,11,,,132250,4,,,161235,17,,,162500,12,,,153000,3,,,179583,12,,,170000,3,,,171500,2,,,,,,,,,,,,,,,,,,,,,,,,,,,,,,,,,,,,,,,,,,,,,,,,,,,,,,,,,,,,,,,,,,,,,,,,,,,,,,,,,,,,,,,,,,,,,,,,,,,,,,,,,,,,,,,,,,,,,,,,,,,,,,,,,,,,,,,,,,,,,,,,,,,,,,,,,,,,,,,,,,,,,,,,,,,,,,,,,,,,,,,,,,,,,,,,,,,,,,,,,,,,,,,,,,,,,,,,,,,,,,,,,,,,,,,,,,,,,,,,,,,,,,,,,,,,,,,,,,,,,,,,,,,,,,,,,,,,,163442,43,160938,32,176941,17,,,,,,,,,,,,,,,,,,,,,,,,,,,,,,,,,,,,,,,,,,,,,,
23854,(W) 뉴발란스 993 메이드 인 USA 그레이 - B 스탠다드,38000,WR993GL,2018-08-20,279000,GREY/WHITE,1,2020-06-13,33,252576,33,252576,6,235000,6,240000,4,245000,7,260000,3,265000,7,270000,,,,,,,260000,1,,,,,,,,,,,,,,,,,,,,,,,,,,,,,,,,,,,,,,,270000,1,,,,,,,,,,,,,,,,,,,,,,,,,,,,,,,,,,,270000,1,,,,,,,260000,1,,,,,,,,,,,,,,,,,,,,,,,,,265000,1,,,,,,,,,,,,,,,,,,,,,,,,,,,,,,,,,,,,,,,,,,,,,,,,,,,,,,,,,,,,,270000,1,,,,,,,,,,,,,,,,,,,,,,,,,,,,,,,,,265000,1,270000,1,,,,,,,,,,,,,,,240000,4,,,260000,2,,,270000,1,235000,3,240000,1,245000,1,,,,,,,235000,3,240000,1,245000,3,260000,3,265000,1,270000,2,,,,,,,,,,,,,,,,,,,,,,,,,,,,,,,,,,,,,,,,,,,,,,,,,260000,1,,,,,270000,1,,,,,270000,1,260000,1,,,265000,1,,,,,,,,,270000,1,,,,,267500,2,,,250000,7,238000,5,251154,13,,,,,,,,
464516,뉴발란스 992 메이드 인 USA 코어 네이비,4649,U992NY,2025-03-21,309000,Navy,0,2025-03-25,520,356012,520,356012,18,342556,30,339733,26,352923,113,359920,138,369116,195,348631,400000,1,412500,2,387500,2,410800,5,420400,10,401778,9,,,,,,,415875,8,417750,8,403562,16,380000,1,377667,3,390000,1,406600,5,419800,5,398273,11,367500,2,387000,1,374000,2,413000,5,425900,10,393200,10,379000,3,,,377000,3,402714,7,414778,9,392700,10,,,377500,2,377500,2,393333,3,418167,6,369375,8,340000,2,381000,2,355000,1,364444,9,372778,9,351769,13,,,,,340000,1,349375,8,340455,11,338500,14,350000,1,340000,1,367000,2,348500,8,336900,10,342636,11,,,334000,2,330000,1,334286,7,341000,5,333600,5,,,324000,3,332000,2,322750,4,328000,1,326500,8,,,,,,,329143,7,334714,7,319111,9,,,325500,2,334000,1,325000,2,344750,4,323333,9,319000,1,,,330000,1,331800,5,341750,4,335667,6,,,300500,2,,,325500,2,344400,5,320800,5,,,300000,1,349000,1,340500,2,333600,5,310500,4,,,322500,2,340000,1,330833,6,,,311800,5,,,,,,,337000,4,342000,2,304600,5,284500,2,297000,1,,,336500,2,335000,3,313000,4,,,292667,3,,,339400,5,330667,3,311333,6,279000,1,,,315500,2,335000,1,333000,2,316000,10,,,329000,1,,,,,329000,1,315500,2,332000,2,330000,1,310000,1,338500,2,,,310250,4,,,,,340000,1,335000,2,329375,8,314000,1,329000,1,,,320000,1,342500,2,340333,6,318000,6,324000,1,319000,1,,,342000,2,364500,4,314000,4,409448,29,410188,32,400615,26,404200,30,398344,32,388286,21,361250,36,341735,34,343939,33,335550,20,325944,18,326913,23,329111,18,334647,17,327000,14,326154,13,323500,14,323182,11,316333,12,319706,17,316938,16,322250,4,322200,10,329917,12,330250,16,336750,12
393121,뉴발란스 미니머스 MT10O 슬레이트 그레이 실버 메탈릭,17000,MT10OAB,2024-11-22,159000,Slate Grey/Silver Metallic,0,2024-11-24,341,228088,341,228088,88,236693,82,224976,73,229288,31,216581,40,226050,27,222481,,,230000,1,230000,1,215000,1,,,220000,1,,,,,,,219000,1,,,,,,,229000,1,216500,2,,,229000,2,,,238000,1,,,,,233000,1,,,,,270000,2,225000,1,224000,1,,,,,,,,,,,224000,1,,,,,,,,,,,300000,1,300000,1,229000,2,217500,2,,,,,358000,1,,,,,,,300000,1,330000,2,,,,,235000,1,,,349000,1,,,,,200000,1,310000,1,,,,,,,,,,,244000,1,,,290000,1,362000,1,,,,,270000,2,,,300000,1,,,339000,1,,,244000,1,,,300000,1,390000,1,370000,1,309000,1,279000,1,,,340000,1,,,,,,,,,260000,2,,,,,,,270000,1,269500,2,,,339000,1,,,369000,1,,,,,,,357200,5,,,,,,,340000,1,290000,1,,,,,,,275000,1,,,,,300000,2,295000,2,275000,2,307000,1,350000,1,330000,1,237500,2,,,262667,3,,,357000,1,,,235500,6,233200,5,249600,5,241000,1,229000,1,,,232500,12,220833,12,218600,5,208250,4,212000,5,206200,5,209571,14,207913,23,207667,18,216000,6,199667,6,251000,3,208750,20,211810,21,215300,20,184286,7,187125,8,197250,8,215294,17,226333,12,216800,10,181500,4,176000,4,212500,4,223750,4,219000,1,224000,5,235500,2,247250,4,224000,1,248833,6,358000,1,298750,4,286333,3,244000,1,298000,4,294333,3,329600,5,286667,3,269667,3,354000,2,345143,7,275000,1,303000,9,270000,6,238722,18,219930,43,210014,70,205881,84,212235,51
432750,뉴발란스 1906L 리치 오크 블랙 시멘트,5305,U1906LNS,2025-02-05,239000,Rich Oak/Black Cement,0,2025-02-06,214,292079,214,292079,14,271429,14,273500,22,259682,57,296035,41,302488,66,301318,,,368000,1,,,313333,3,340000,1,296500,4,,,,,270000,1,303500,2,303000,1,307000,1,299000,1,,,269000,1,295000,3,307000,2,320000,3,273667,3,292000,3,274333,3,314500,8,312167,6,306875,16,282000,1,280000,1,267750,4,302625,8,302000,5,298125,8,,,250000,1,266500,2,293000,4,306250,4,298333,3,276500,2,,,259000,1,293800,5,285857,7,296000,5,,,230000,1,244500,2,288167,6,293333,3,,,250000,1,251500,2,244000,1,294000,3,296000,5,303800,5,256000,2,275000,2,246500,2,283000,6,309000,1,294600,5,264667,3,256500,2,250000,1,299000,3,347000,1,292000,4,,,,,253000,2,,,295000,1,301000,3,289000,1,259000,1,253000,2,279667,3,319000,2,296000,4,,,,,,,273000,3,293500,2,303400,5,,,,,,,,,,,,,,,,,,,,,,,,,,,,,,,,,,,,,,,,,,,,,,,,,,,,,,,,,,,,,,,,,,,,,,,,,,,,,,,,,,,,,,,,,,,,,,,,,,,,,,,,,,,,,,,,,,,,,,,,,,,,,,,,,,,,,,,,,,,,,,,,,314889,9,297400,5,302700,10,303051,39,294407,27,291071,14,288100,20,277333,12,286941,17,279722,18,283500,14,284000,6,285769,13,292300,10,,,,,,,,,,,,,,,,,,,,,,,,
426574,뉴발란스 1906A 슬레이트 그레이 레인클라우드,659,U1906AC,2025-01-22,239000,Slate Grey/Raincloud/Drift Red,0,2025-01-23,29,278345,29,278345,2,338500,7,269143,3,277333,5,273000,5,308000,7,253429,,,,,,,,,,,255000,1,,,,,,,250000,1,,,,,,,,,,,,,,,,,,,,,,,,,280000,1,,,300000,1,,,,,,,,,,,,,285000,1,,,,,,,,,,,,,303000,1,,,370000,1,,,,,,,320000,1,,,,,,,,,,,,,,,,,254500,2,,,,,,,,,,,270000,1,,,,,,,,,,,,,,,,,,,,,,,,,,,,,,,,,308000,1,,,,,,,,,,,,,,,,,285000,1,,,,,,,,,,,281000,2,,,,,,,,,,,,,,,,,287000,1,,,,,,,,,,,,,,,,,,,,,,,,,,,377000,1,262000,1,,,,,,,,,,,,,,,262000,2,,,250000,1,,,,,209000,1,,,,,240000,1,,,,,,,,,,,,,,,,,,,341000,1,295000,1,,,,,250000,1,,,,,,,250000,1,,,240000,1,,,250000,1,,,,,255000,1,250000,1,,,280000,1,300000,1,285000,1,336500,2,320000,1,254500,2,270000,1,,,,,308000,1,,,285000,1,281000,2,287000,1,,,,,319500,2,258000,3,224500,2,,,318000,2,250000,2,245000,2
90805,뉴발란스 530 화이트 실버,55000,MR530AD,2023-01-06,119000,WHITE/SILVER,0,2022-12-31,1652,127711,1652,127711,371,129593,385,130582,287,130331,226,122956,202,123624,181,124094,121000,2,102000,3,117333,3,,,119000,3,,,100917,12,100900,10,103062,16,100000,1,101000,1,101500,2,104000,10,104875,8,108833,6,107000,3,103500,4,104000,3,134125,8,120167,6,131286,7,135667,3,128000,4,124250,4,121500,6,122125,8,126667,3,119000,1,132667,3,131667,3,109900,20,111500,12,120818,11,114500,12,118500,10,112429,7,129083,12,126824,17,128417,12,121500,8,121778,9,131300,10,130105,19,131875,24,134769,13,121778,9,118556,18,121429,7,127125,24,133154,13,132400,10,117222,9,114786,14,118900,10,129043,23,128360,25,126800,20,122333,12,117111,9,126545,11,126806,31,124862,29,120190,21,124333,15,117786,14,121600,10,128259,27,127931,29,124300,20,119600,10,119417,12,111625,8,127789,19,123556,18,130091,22,113750,16,120818,11,113500,10,133364,22,127808,26,138296,27,117647,17,120909,11,118846,13,149300,20,142324,34,145000,8,122909,11,123889,9,128722,18,157571,14,161909,11,155308,13,121636,11,128533,15,132889,18,155143,14,147045,22,155111,9,130542,24,137182,11,146714,7,140429,21,150217,23,147385,13,137867,15,150091,11,138750,8,129653,49,131500,52,133703,37,128212,33,129792,24,124900,20,118000,18,119800,15,120375,16,117062,16,117222,9,115833,12,,,,,,,,,,,,,,,,,,,,,,,,,,,,,,,,,,,,,,,,,,,,,,,,,,,,,,,,,,,,,,,,,,,,,,,,,114273,11,101738,42,105265,34,129031,32,124917,24,114042,72,126868,68,127433,90,124462,80,126270,100,123383,120,124349,106,122896,96,128155,116,137690,100,142244,82,143356,87,144495,91,130149,215,118198,86,,,,,,,,,,,,
24794,뉴발란스 878 트리플 블랙,16000,CM878XL,2019-08-01,149000,Black,0,2020-09-06,55,115927,55,115927,,,1,99000,,,19,116842,7,107714,28,117964,,,,,,,119000,1,,,120571,7,,,,,,,116000,1,,,107000,2,,,,,,,115000,1,,,105000,1,,,,,,,,,,,109000,2,,,,,,,97000,2,,,,,,,,,,,112000,1,,,100000,1,,,,,,,113000,1,,,,,,,,,,,108667,3,,,109000,2,,,,,,,,,,,120000,1,,,,,,,,,110000,1,,,,,,,,,,,104000,1,109000,1,,,,,,,,,98500,2,129000,1,,,,,,,,,,,115000,1,,,,,,,115000,1,,,,,,,,,,,,,,,100000,1,,,99000,1,,,107000,1,,,,,,,,,,,,,109000,1,115000,1,,,,,,,129000,1,105000,1,,,,,,,,,129000,1,,,,,,,,,,,129000,1,,,,,,,,,,,,,,,,,,,,,,,129000,2,,,124500,2,,,,,,,129000,1,,,,,,,,,,,,,,,140000,2,,,,,,,129000,1,129000,1,129000,1,,,,,,,,,,,129000,2,120375,8,110000,3,110000,2,109000,2,97000,2,106000,2,113000,1,108800,5,120000,1,110000,1,106500,2,108667,3,115000,1,115000,1,100000,1,103000,2,112000,2,117000,2,129000,1,129000,1,,,126750,4,129000,1,140000,2,129000,3,129000,2
101218,뉴발란스 530 프리미엄 빈티지 그레이 매터,45000,MR530TG,2023-02-23,159000,Grey Matter,0,2023-02-22,47,157489,47,157489,16,157875,8,164375,3,163667,10,152600,3,161000,7,151571,157875,16,164375,8,163667,3,152600,10,161000,3,151571,7,,,,,,,,,,,,,,,,,,,,,,,,,,,,,,,,,,,,,,,,,,,,,,,,,,,,,,,,,,,,,,,,,,,,,,,,,,,,,,,,,,,,,,,,,,,,,,,,,,,,,,,,,,,,,,,,,,,,,,,,,,,,,,,,,,,,,,,,,,,,,,,,,,,,,,,,,,,,,,,,,,,,,,,,,,,,,,,,,,,,,,,,,,,,,,,,,,,,,,,,,,,,,,,,,,,,,,,,,,,,,,,,,,,,,,,,,,,,,,,,,,,,,,,,,,,,,,,,,,,,,,,,,,,,,,,,,,,,,,,,,,,,,,,,,,,,,,,,,,,,,157489,47,,,,,,,,,,,,,,,,,,,,,,,,,,,,,,,,,,,,,,,,,,,,,,,,,,
584497,뉴발란스 740 화이트 그레이,529,U740PH2,,,White/Grey/Metallic,0,2025-08-31,149,97698,149,97698,18,89889,30,105633,17,97412,33,96303,19,99421,32,95219,,,,,,,,,160000,1,,,,,130000,1,,,,,,,,,,,134500,2,,,,,,,,,,,132500,2,,,,,,,120000,1,,,,,,,100000,1,,,100000,1,,,123500,2,,,108000,2,,,,,,,,,,,108000,2,,,108000,1,,,130000,1,,,104000,3,,,108000,1,,,135000,1,155000,1,,,,,107000,2,,,115000,1,,,,,,,,,,,113500,2,,,102000,1,,,98000,1,,,115000,1,,,102000,1,154000,1,,,,,105000,1,,,102000,1,,,103000,1,,,114000,1,,,102000,1,,,,,,,,,,,,,,,,,,,,,,,,,,,,,,,,,148000,1,98000,1,131000,1,,,123000,1,114000,1,,,99000,1,,,157000,1,,,,,151000,1,101500,2,,,,,,,,,,,98000,1,110000,1,99000,1,99000,1,104000,1,99000,1,,,100500,2,99000,1,99000,1,92000,1,90000,1,99000,6,96667,3,96500,2,89714,7,86000,1,85333,3,87750,4,86750,4,88571,7,83286,7,82167,6,83333,6,80000,4,82667,6,86000,7,86000,1,85600,5,85667,3,81500,2,,,85200,5,,,,,,,,,,,,,160000,1,130000,1,134500,2,128333,3,100000,2,115750,4,108000,3,110000,5,126000,4,115000,1,106750,4,123667,3,103333,3,108000,2,,,,,125667,3,123250,4,118000,3,102333,3,100333,6,97000,14,88000,26,83167,36,85000,16,,
388308,뉴발란스 1906A 씨 솔트 문빔,236,M1906AB,2024-11-20,239000,Sea Salt/Moonbeam/Astro Dust,0,2024-12-11,12,218583,12,218583,1,229000,3,253667,,,4,212000,1,305000,3,160000,,,263000,1,,,,,,,,,,,,,,,,,,,,,,,,,,,,,,,,,,,248000,1,,,,,,,,,,,,,,,,,,,,,,,,,,,,,,,,,,,,,,,,,,,,,,,,,,,,,,,,,,,,,,,,,305000,1,,,,,,,,,,,,,,,,,,,,,,,,,,,,,,,,,262000,1,,,,,,,,,,,,,,,,,,,250000,1,,,266000,1,,,,,229000,1,,,,,,,,,,,,,,,,,,,,,,,,,,,,,,,,,,,,,,,,,,,,,,,,,,,,,160000,1,,,160000,1,,,,,,,,,,,,,,,,,,,,,,,160000,2,,,,,,,,,,,,,,,,,,,,,,,,,,,,,,,160000,1,,,,,,,,,,,,,,,,,,,,,,,,,,,,,263000,1,,,,,248000,1,,,,,,,,,305000,1,,,,,262000,1,,,258000,2,229000,1,,,,,,,160000,2,,,160000,2,,,,,160000,1,,,,
226052,뉴발란스 1906R 실버 메탈릭 씨 솔트,9563,M1906REE,2024-01-12,179000,Silver Metallic/Sea Salt,0,2024-01-11,872,187056,872,187056,220,197973,240,194167,184,184766,82,170476,61,172180,85,170353,,,149000,1,,,,,162000,1,,,156000,1,156000,1,,,,,167000,1,,,155750,4,155000,3,,,,,,,160000,1,157500,4,156250,4,156167,6,,,,,157000,1,155167,6,155500,6,153000,2,154800,5,,,,,158600,5,160500,8,153800,5,,,155000,1,,,165000,4,163800,5,156500,4,157333,3,155500,2,153000,2,161000,9,160500,8,157000,4,160000,2,154000,2,164500,2,177889,9,160308,13,157250,8,163000,2,159000,1,157000,5,209154,13,182353,17,162857,7,178750,4,160500,2,177667,3,218286,7,197000,18,180778,9,171667,3,170750,4,173600,5,211500,14,215071,14,190714,14,173000,5,173600,5,180400,5,217273,11,221765,17,196417,12,181667,3,189000,1,168375,8,223167,6,247125,8,195889,9,178000,5,195000,6,171714,7,228438,16,224917,12,188100,10,181500,4,184667,3,167429,7,219267,15,207214,14,184900,10,184000,1,184000,1,186333,6,229800,10,223900,10,206312,16,167833,6,169500,4,166333,3,196238,21,196250,16,197333,9,163000,5,166778,9,167571,7,190812,16,182824,17,187643,14,172200,10,172000,3,173667,3,190300,10,185308,13,182778,9,171333,3,171000,3,166000,6,195091,11,199100,10,187750,8,170000,4,172500,2,170833,6,197125,8,215000,5,196545,11,171400,5,172333,3,168000,1,191400,10,194500,6,188667,9,175333,3,176250,4,171500,4,183500,6,183571,7,189500,4,172250,4,,,177667,3,191500,2,215000,3,183667,3,171000,2,166000,1,,,167000,2,184500,4,166000,1,165000,3,165500,2,,,155500,2,159667,3,156000,8,156600,15,154947,19,157947,19,159700,20,159926,27,163500,38,185391,46,190587,46,197842,57,203808,52,203439,41,205519,52,202660,47,204531,49,186955,67,183286,63,181364,44,187537,41,192606,33,186000,36,181917,24,189727,11,172000,12
298493,뉴발란스 1906R 실버 메탈릭 블랙,3663,M1906RER,2024-06-21,179000,Silver Metallic/Black,0,2024-06-17,347,164061,347,164061,73,165370,79,167278,44,162886,47,162660,49,166327,55,157818,194000,1,,,,,176000,1,,,179000,1,165000,1,,,166000,1,155000,1,166500,2,164333,3,,,162333,3,161500,4,160000,1,132000,1,145000,1,,,163000,1,158000,1,161000,1,159600,5,,,,,151000,2,155000,1,,,150000,1,152250,4,149000,5,161000,1,,,167000,2,173000,2,156000,2,156333,3,163000,1,158500,4,169333,3,164500,2,156000,1,167000,3,166375,8,166000,1,160000,2,169750,4,161000,2,165125,8,165500,2,164500,2,165667,3,170333,3,165333,3,171333,3,168857,7,163333,3,155000,1,165750,4,158000,3,167500,6,160500,4,172500,2,165000,1,186333,3,157750,4,165625,8,174000,11,164000,4,181500,2,169667,3,162333,3,160500,2,173000,1,,,198000,1,178000,1,161333,3,162667,3,169167,6,180500,2,165000,4,,,160333,3,160667,3,162500,2,161500,2,144000,2,186500,2,157000,1,173500,2,164000,2,,,159500,2,,,158667,3,170500,2,162000,3,159000,1,159500,2,155000,1,159000,1,154750,4,165700,10,159500,2,159000,2,158000,2,159000,1,165600,5,169500,2,161000,1,161500,2,160000,1,155000,2,174667,3,166000,2,160000,1,158667,3,163500,2,154000,1,175333,3,169500,2,150000,1,162000,2,182000,2,153000,1,164000,3,178000,3,158000,3,163500,2,164000,1,,,169000,1,175000,1,161000,1,151500,2,152000,1,157750,4,169500,2,176500,2,164857,7,163000,2,150500,2,,,178500,2,155000,2,,,156000,2,162750,4,152500,6,,,173000,1,,,158000,1,,,148500,2,183000,3,164000,8,157000,10,160000,8,152000,8,158167,12,161357,14,165950,20,165952,21,165619,21,167350,20,169484,31,169250,8,166944,18,162333,12,163333,9,161900,10,161333,21,163154,13,164417,12,168727,11,165917,12,159100,10,164867,15,159062,16,157000,4
455044,뉴발란스 1906A 잉크웰 씨 솔트,228,U1906ANB,2025-03-05,239000,Inkwell/Sea Salt/Faded Plum,0,2025-03-14,13,279077,13,279077,1,349000,1,240000,2,283500,1,200000,8,284000,,,,,,,,,,,284500,2,,,,,,,,,,,272000,1,,,,,,,,,,,,,,,,,,,,,,,253000,1,,,,,,,,,,,,,,,,,,,,,,,250000,1,,,,,,,,,,,,,,,,,,,299000,1,,,,,,,,,,,,,,,,,,,,,,,,,,,210000,1,,,,,,,,,,,,,,,349000,1,,,,,,,,,,,,,,,,,,,,,,,,,,,,,,,,,,,,,,,,,,,,,,,,,,,,,,,,,,,,,,,,,,,279000,1,,,,,240000,1,,,200000,1,,,,,,,,,,,,,,,,,,,,,,,,,,,,,,,,,,,,,439000,1,,,,,,,,,,,,,,,,,,,,,,,,,,,,,,,,,,,,,,,,,,,,,,,,,,,,,,,268000,1,,,,,,,284500,2,272000,1,,,253000,1,,,250000,1,,,299000,1,,,210000,1,,,349000,1,,,,,,,,,279000,1,220000,2,,,,,439000,1,,,,,,,,,268000,1
456436,뉴발란스 1906A 에그플랜트 씨 솔트,227,U1906ANA,2025-03-05,239000,Eggplant/Sea Salt,0,2025-04-25,12,260167,12,260167,1,241000,1,329000,2,279500,2,201000,5,268400,1,249000,,,,,,,,,296000,1,,,,,,,,,,,,,,,,,,,329000,1,,,,,,,,,,,,,,,,,,,,,329000,1,,,,,,,,,,,,,,,,,,,,,,,,,,,,,239000,1,,,,,,,,,,,,,,,,,,,,,,,,,,,,,,,,,,,,,,,,,,,,,,,270000,1,,,,,,,,,,,,,,,,,,,,,180000,1,,,,,,,,,,,,,,,,,,,,,,,,,284000,1,,,,,,,,,,,,,,,,,,,,,,,,,249000,1,,,,,230000,1,,,253000,1,,,,,,,,,,,,,,,241000,1,,,,,,,,,,,,,,,,,,,,,,,,,,,,,,,,,,,,,,,,,,,,,,,,,,,,,,,,,,,,,,,,,,,,,,,,,,,,,222000,1,,,,,296000,1,,,329000,1,,,329000,1,,,239000,1,,,,,,,270000,1,,,180000,1,,,284000,1,,,249000,1,241500,2,,,241000,1,,,,,,,,,,,222000,1
445499,뉴발란스 509 블랙 캐슬 그레이,9704,U509XB,2025-02-21,189000,Black/Castle Grey,0,2025-02-21,561,225308,561,225308,26,197731,51,198255,41,200805,114,225833,165,229291,164,239848,220667,3,204200,5,212000,2,219500,12,212357,14,212091,11,,,,,203000,1,203600,5,206800,10,206714,7,180000,1,199000,1,,,198429,7,208000,10,211118,17,197500,2,192000,2,191000,1,198235,17,206833,12,220692,13,,,194750,4,198500,2,202273,11,206500,10,223786,14,197000,2,199000,3,190000,4,208200,5,205000,13,230000,7,205000,2,222000,5,203000,5,205833,12,212300,10,230385,13,220750,4,240500,2,207250,4,231000,6,226438,16,242538,13,244000,1,225000,2,220500,4,256750,4,257333,3,269833,6,,,260000,2,239000,2,265000,2,259000,5,274000,4,,,,,268000,1,255000,2,261625,8,266143,7,,,,,233000,1,263667,3,261667,3,267400,5,,,228000,1,235000,1,274000,3,255833,6,273000,8,218000,1,200000,1,,,273000,1,281500,4,278333,3,,,204000,2,234000,1,266000,2,259667,6,281250,4,214000,1,230000,1,233000,1,244000,2,275000,1,260000,5,204500,2,224000,1,,,236000,3,252200,5,245250,4,,,208600,5,183000,1,256667,3,252167,6,279000,2,,,165000,1,167500,2,284000,1,246333,6,241333,3,,,153000,2,182500,2,270250,4,234800,5,243000,3,157000,1,153667,3,157500,2,267500,2,242000,3,230143,7,156500,2,178000,1,158333,3,,,239000,1,269000,1,164000,1,161333,3,,,230000,1,241250,4,,,156500,2,162667,3,,,,,240000,1,250000,1,185000,1,155000,1,,,276000,2,243500,2,272000,3,,,,,178000,1,269750,4,232000,1,303000,3,213766,47,205913,23,206583,36,206191,47,209732,41,207853,34,215383,47,230111,45,249700,20,261267,15,263000,18,262167,12,263368,19,265200,10,257133,15,249091,11,238867,15,239235,17,229692,13,228438,16,211389,18,184250,8,204778,9,184429,7,243889,9,266444,9
257713,뉴발란스 x 포터리 574 프리미엄 소프트 그레이,12000,U574GG2,2024-03-15,149000,Soft Grey,0,2024-03-14,693,138558,693,138558,37,132649,60,135783,43,133442,147,135109,144,141958,262,140935,141400,5,139000,4,141000,3,142750,8,143800,10,144923,13,138333,3,137000,3,135000,2,139182,11,143538,13,149154,26,131875,8,135143,7,128750,4,131300,10,131750,16,139036,28,133000,4,130800,5,129667,6,129889,9,143091,11,138304,23,,,141200,5,134000,1,140200,5,139333,6,139000,12,137500,2,134000,2,133000,1,132143,7,136300,10,135357,14,,,132600,5,136500,4,132750,4,138875,8,137727,11,,,134000,3,138000,1,134429,7,140857,7,141667,15,,,135000,5,135000,2,139429,7,140000,1,139111,9,130000,1,135500,2,134000,1,139000,8,140000,7,141273,11,,,136500,2,129000,3,137800,5,152889,9,141167,12,128333,3,,,131000,1,142800,5,141250,4,140600,10,131000,1,138000,1,,,139800,5,144333,3,142700,10,,,141000,3,,,133800,5,,,140000,5,,,,,,,138500,4,147000,3,127600,5,129500,2,144000,1,,,128750,4,138600,5,139833,6,127500,2,136000,1,,,127667,3,148800,5,136667,3,125000,1,131000,1,120000,4,123500,6,145000,2,136250,8,,,135000,2,136000,1,130400,5,138750,4,143250,4,,,139333,3,,,130600,5,155333,3,136000,8,,,,,132000,1,117500,2,140000,2,138500,2,126500,2,130500,2,148000,1,136500,4,144200,5,138500,6,,,133667,3,130000,1,136000,5,153667,3,145333,3,,,,,129000,1,135500,6,145333,3,144167,6,128500,2,,,142750,4,137000,3,146000,2,150000,8,129000,1,,,153000,1,141500,4,143500,2,151500,4,143023,43,144328,58,134658,73,136000,58,139483,29,134972,36,136438,32,139152,33,138042,24,139367,30,142548,31,139174,23,141400,20,137846,13,136083,12,136111,18,137714,14,129864,22,136625,16,138158,19,132000,7,138000,20,140533,15,140188,16,143737,19,145083,12
625568,뉴발란스 2002R 브라운 블랙,5560,U2002RAB,2025-10-02,189000,Brown/Black,0,2025-10-02,599,179105,599,179105,42,185690,80,181725,52,187038,117,173538,119,183513,189,175021,,,188500,2,199600,5,194800,5,192636,11,197636,11,186833,6,187167,6,189167,6,192917,12,198538,13,193312,16,186333,3,191333,6,179000,1,184125,8,185000,10,186308,13,173000,1,167429,7,180000,1,153500,4,174200,5,167154,13,188500,2,172333,6,167500,4,169000,2,170333,3,159000,4,,,169000,4,185000,5,169500,8,163750,4,162286,14,,,186250,4,191000,2,177600,5,174083,12,165500,10,195750,4,188200,5,189800,5,174286,7,176167,6,172083,12,189200,5,186000,3,204000,3,170714,7,177250,8,168250,8,206200,5,203333,9,204500,4,171333,9,187000,8,171000,13,217000,1,206250,4,199000,1,168500,6,192500,4,170800,10,213333,3,209667,3,206000,1,166667,6,189000,2,168250,8,185000,1,181000,3,191750,4,172667,6,180667,3,178583,12,,,171000,1,199000,2,173667,6,187000,7,184800,5,,,169250,4,164000,2,169800,5,187857,7,175167,12,176000,1,163333,3,164667,3,166500,4,179333,3,169286,7,154667,3,156000,2,163000,1,161167,6,179167,6,172286,7,154000,4,162000,3,161500,2,165111,9,182250,4,170714,7,170333,3,160200,5,,,166000,2,187000,1,175000,5,,,,,,,,,174000,2,168000,2,,,,,,,,,,,,,,,,,,,,,,,,,,,,,,,,,,,,,,,,,,,,,,,,,,,,,,,,,,,,,,,,,,,,,,,,,195353,34,192678,59,186122,41,167194,31,169810,21,168114,35,174515,33,179872,39,178676,34,186250,48,181923,26,182565,23,179862,29,183048,21,175700,30,169000,21,167480,25,166724,29,169125,16,171000,4,,,,,,,,,,,,
